"Title","Description","BiocVersion","Genome","SourceType","SourceUrl","SourceVersion","Species","TaxonomyId","Coordinate_1_based","DataProvider","Maintainer","RDataClass","DispatchClass","RDataPath","Tags"
"GSE31348_assay_raw","Raw transcriptome data derived from GEO accession: GSE31348","3.14",NA,"tar.gz","https://www.ncbi.nlm.nih.gov/geo/query/acc.cgi?acc=GSE31348",NA,"Homo sapiens","9606",NA,"The National Center for Biotechnology Information","Xutao Wang <xutaow@bu.edu>","matrix","Rda","curatedTBData/data/GSE31348_assay_raw.rda","GSE31348:assay_raw"
"GSE31348_assay_curated","Curated transcriptome data derived from GEO accession: GSE31348","3.14",NA,"tar.gz","https://www.ncbi.nlm.nih.gov/geo/query/acc.cgi?acc=GSE31348",NA,"Homo sapiens","9606",NA,"The National Center for Biotechnology Information","Xutao Wang <xutaow@bu.edu>","matrix","Rda","curatedTBData/data/GSE31348_assay_curated.rda","GSE31348:assay_curated"
"GSE31348_column_data","Clinical information for samples derived from GEO accession: GSE31348","3.14",NA,"tar.gz","https://www.ncbi.nlm.nih.gov/geo/query/acc.cgi?acc=GSE31348",NA,"Homo sapiens","9606",NA,"The National Center for Biotechnology Information","Xutao Wang <xutaow@bu.edu>","DFrame","Rda","curatedTBData/data/GSE31348_column_data.rda","GSE31348:column_data"
"GSE31348_row_data","Probe set information for samples for derived from GEO accession: GSE31348","3.14",NA,"tar.gz","https://www.ncbi.nlm.nih.gov/geo/query/acc.cgi?acc=GSE31348",NA,"Homo sapiens","9606",NA,"The National Center for Biotechnology Information","Xutao Wang <xutaow@bu.edu>","DFrame","Rda","curatedTBData/data/GSE31348_row_data.rda","GSE31348:row_data"
"GSE31348_meta_data","Meta data information for samples derived from GEO accession: GSE31348","3.14",NA,"tar.gz","https://www.ncbi.nlm.nih.gov/geo/query/acc.cgi?acc=GSE31348",NA,"Homo sapiens","9606",NA,"The National Center for Biotechnology Information","Xutao Wang <xutaow@bu.edu>","MIAME","Rda","curatedTBData/data/GSE31348_meta_data.rda","GSE31348:meta_data"
"GSE36238_assay_raw","Raw transcriptome data derived from GEO accession: GSE36238","3.14",NA,"tar.gz","https://www.ncbi.nlm.nih.gov/geo/query/acc.cgi?acc=GSE36238",NA,"Homo sapiens","9606",NA,"The National Center for Biotechnology Information","Xutao Wang <xutaow@bu.edu>","matrix","Rda","curatedTBData/data/GSE36238_assay_raw.rda","GSE36238:assay_raw"
"GSE36238_assay_curated","Curated transcriptome data derived from GEO accession: GSE36238","3.14",NA,"tar.gz","https://www.ncbi.nlm.nih.gov/geo/query/acc.cgi?acc=GSE36238",NA,"Homo sapiens","9606",NA,"The National Center for Biotechnology Information","Xutao Wang <xutaow@bu.edu>","matrix","Rda","curatedTBData/data/GSE36238_assay_curated.rda","GSE36238:assay_curated"
"GSE36238_column_data","Clinical information for samples derived from GEO accession: GSE36238","3.14",NA,"tar.gz","https://www.ncbi.nlm.nih.gov/geo/query/acc.cgi?acc=GSE36238",NA,"Homo sapiens","9606",NA,"The National Center for Biotechnology Information","Xutao Wang <xutaow@bu.edu>","DFrame","Rda","curatedTBData/data/GSE36238_column_data.rda","GSE36238:column_data"
"GSE36238_row_data","Probe set information for samples for derived from GEO accession: GSE36238","3.14",NA,"tar.gz","https://www.ncbi.nlm.nih.gov/geo/query/acc.cgi?acc=GSE36238",NA,"Homo sapiens","9606",NA,"The National Center for Biotechnology Information","Xutao Wang <xutaow@bu.edu>","DFrame","Rda","curatedTBData/data/GSE36238_row_data.rda","GSE36238:row_data"
"GSE36238_meta_data","Meta data information for samples derived from GEO accession: GSE36238","3.14",NA,"tar.gz","https://www.ncbi.nlm.nih.gov/geo/query/acc.cgi?acc=GSE36238",NA,"Homo sapiens","9606",NA,"The National Center for Biotechnology Information","Xutao Wang <xutaow@bu.edu>","MIAME","Rda","curatedTBData/data/GSE36238_meta_data.rda","GSE36238:meta_data"
"GSE41055_assay_raw","Raw transcriptome data derived from GEO accession: GSE41055","3.14",NA,"tar.gz","https://www.ncbi.nlm.nih.gov/geo/query/acc.cgi?acc=GSE41055",NA,"Homo sapiens","9606",NA,"The National Center for Biotechnology Information","Xutao Wang <xutaow@bu.edu>","matrix","Rda","curatedTBData/data/GSE41055_assay_raw.rda","GSE41055:assay_raw"
"GSE41055_assay_curated","Curated transcriptome data derived from GEO accession: GSE41055","3.14",NA,"tar.gz","https://www.ncbi.nlm.nih.gov/geo/query/acc.cgi?acc=GSE41055",NA,"Homo sapiens","9606",NA,"The National Center for Biotechnology Information","Xutao Wang <xutaow@bu.edu>","matrix","Rda","curatedTBData/data/GSE41055_assay_curated.rda","GSE41055:assay_curated"
"GSE41055_column_data","Clinical information for samples derived from GEO accession: GSE41055","3.14",NA,"tar.gz","https://www.ncbi.nlm.nih.gov/geo/query/acc.cgi?acc=GSE41055",NA,"Homo sapiens","9606",NA,"The National Center for Biotechnology Information","Xutao Wang <xutaow@bu.edu>","DFrame","Rda","curatedTBData/data/GSE41055_column_data.rda","GSE41055:column_data"
"GSE41055_row_data","Probe set information for samples for derived from GEO accession: GSE41055","3.14",NA,"tar.gz","https://www.ncbi.nlm.nih.gov/geo/query/acc.cgi?acc=GSE41055",NA,"Homo sapiens","9606",NA,"The National Center for Biotechnology Information","Xutao Wang <xutaow@bu.edu>","DFrame","Rda","curatedTBData/data/GSE41055_row_data.rda","GSE41055:row_data"
"GSE41055_meta_data","Meta data information for samples derived from GEO accession: GSE41055","3.14",NA,"tar.gz","https://www.ncbi.nlm.nih.gov/geo/query/acc.cgi?acc=GSE41055",NA,"Homo sapiens","9606",NA,"The National Center for Biotechnology Information","Xutao Wang <xutaow@bu.edu>","MIAME","Rda","curatedTBData/data/GSE41055_meta_data.rda","GSE41055:meta_data"
"GSE54992_assay_raw","Raw transcriptome data derived from GEO accession: GSE54992","3.14",NA,"tar.gz","https://www.ncbi.nlm.nih.gov/geo/query/acc.cgi?acc=GSE54992",NA,"Homo sapiens","9606",NA,"The National Center for Biotechnology Information","Xutao Wang <xutaow@bu.edu>","matrix","Rda","curatedTBData/data/GSE54992_assay_raw.rda","GSE54992:assay_raw"
"GSE54992_assay_curated","Curated transcriptome data derived from GEO accession: GSE54992","3.14",NA,"tar.gz","https://www.ncbi.nlm.nih.gov/geo/query/acc.cgi?acc=GSE54992",NA,"Homo sapiens","9606",NA,"The National Center for Biotechnology Information","Xutao Wang <xutaow@bu.edu>","matrix","Rda","curatedTBData/data/GSE54992_assay_curated.rda","GSE54992:assay_curated"
"GSE54992_column_data","Clinical information for samples derived from GEO accession: GSE54992","3.14",NA,"tar.gz","https://www.ncbi.nlm.nih.gov/geo/query/acc.cgi?acc=GSE54992",NA,"Homo sapiens","9606",NA,"The National Center for Biotechnology Information","Xutao Wang <xutaow@bu.edu>","DFrame","Rda","curatedTBData/data/GSE54992_column_data.rda","GSE54992:column_data"
"GSE54992_row_data","Probe set information for samples for derived from GEO accession: GSE54992","3.14",NA,"tar.gz","https://www.ncbi.nlm.nih.gov/geo/query/acc.cgi?acc=GSE54992",NA,"Homo sapiens","9606",NA,"The National Center for Biotechnology Information","Xutao Wang <xutaow@bu.edu>","DFrame","Rda","curatedTBData/data/GSE54992_row_data.rda","GSE54992:row_data"
"GSE54992_meta_data","Meta data information for samples derived from GEO accession: GSE54992","3.14",NA,"tar.gz","https://www.ncbi.nlm.nih.gov/geo/query/acc.cgi?acc=GSE54992",NA,"Homo sapiens","9606",NA,"The National Center for Biotechnology Information","Xutao Wang <xutaow@bu.edu>","MIAME","Rda","curatedTBData/data/GSE54992_meta_data.rda","GSE54992:meta_data"
"GSE73408_assay_raw","Raw transcriptome data derived from GEO accession: GSE73408","3.14",NA,"tar.gz","https://www.ncbi.nlm.nih.gov/geo/query/acc.cgi?acc=GSE73408",NA,"Homo sapiens","9606",NA,"The National Center for Biotechnology Information","Xutao Wang <xutaow@bu.edu>","matrix","Rda","curatedTBData/data/GSE73408_assay_raw.rda","GSE73408:assay_raw"
"GSE73408_assay_curated","Curated transcriptome data derived from GEO accession: GSE73408","3.14",NA,"tar.gz","https://www.ncbi.nlm.nih.gov/geo/query/acc.cgi?acc=GSE73408",NA,"Homo sapiens","9606",NA,"The National Center for Biotechnology Information","Xutao Wang <xutaow@bu.edu>","matrix","Rda","curatedTBData/data/GSE73408_assay_curated.rda","GSE73408:assay_curated"
"GSE73408_column_data","Clinical information for samples derived from GEO accession: GSE73408","3.14",NA,"tar.gz","https://www.ncbi.nlm.nih.gov/geo/query/acc.cgi?acc=GSE73408",NA,"Homo sapiens","9606",NA,"The National Center for Biotechnology Information","Xutao Wang <xutaow@bu.edu>","DFrame","Rda","curatedTBData/data/GSE73408_column_data.rda","GSE73408:column_data"
"GSE73408_row_data","Probe set information for samples for derived from GEO accession: GSE73408","3.14",NA,"tar.gz","https://www.ncbi.nlm.nih.gov/geo/query/acc.cgi?acc=GSE73408",NA,"Homo sapiens","9606",NA,"The National Center for Biotechnology Information","Xutao Wang <xutaow@bu.edu>","DFrame","Rda","curatedTBData/data/GSE73408_row_data.rda","GSE73408:row_data"
"GSE73408_meta_data","Meta data information for samples derived from GEO accession: GSE73408","3.14",NA,"tar.gz","https://www.ncbi.nlm.nih.gov/geo/query/acc.cgi?acc=GSE73408",NA,"Homo sapiens","9606",NA,"The National Center for Biotechnology Information","Xutao Wang <xutaow@bu.edu>","MIAME","Rda","curatedTBData/data/GSE73408_meta_data.rda","GSE73408:meta_data"
"GSE107731_assay_raw","Raw transcriptome data derived from GEO accession: GSE107731","3.14",NA,"tar.gz","https://www.ncbi.nlm.nih.gov/geo/query/acc.cgi?acc=GSE107731",NA,"Homo sapiens","9606",NA,"The National Center for Biotechnology Information","Xutao Wang <xutaow@bu.edu>","matrix","Rda","curatedTBData/data/GSE107731_assay_raw.rda","GSE107731:assay_raw"
"GSE107731_assay_curated","Curated transcriptome data derived from GEO accession: GSE107731","3.14",NA,"tar.gz","https://www.ncbi.nlm.nih.gov/geo/query/acc.cgi?acc=GSE107731",NA,"Homo sapiens","9606",NA,"The National Center for Biotechnology Information","Xutao Wang <xutaow@bu.edu>","matrix","Rda","curatedTBData/data/GSE107731_assay_curated.rda","GSE107731:assay_curated"
"GSE107731_column_data","Clinical information for samples derived from GEO accession: GSE107731","3.14",NA,"tar.gz","https://www.ncbi.nlm.nih.gov/geo/query/acc.cgi?acc=GSE107731",NA,"Homo sapiens","9606",NA,"The National Center for Biotechnology Information","Xutao Wang <xutaow@bu.edu>","DFrame","Rda","curatedTBData/data/GSE107731_column_data.rda","GSE107731:column_data"
"GSE107731_row_data","Probe set information for samples for derived from GEO accession: GSE107731","3.14",NA,"tar.gz","https://www.ncbi.nlm.nih.gov/geo/query/acc.cgi?acc=GSE107731",NA,"Homo sapiens","9606",NA,"The National Center for Biotechnology Information","Xutao Wang <xutaow@bu.edu>","DFrame","Rda","curatedTBData/data/GSE107731_row_data.rda","GSE107731:row_data"
"GSE107731_meta_data","Meta data information for samples derived from GEO accession: GSE107731","3.14",NA,"tar.gz","https://www.ncbi.nlm.nih.gov/geo/query/acc.cgi?acc=GSE107731",NA,"Homo sapiens","9606",NA,"The National Center for Biotechnology Information","Xutao Wang <xutaow@bu.edu>","MIAME","Rda","curatedTBData/data/GSE107731_meta_data.rda","GSE107731:meta_data"
"GSE19435_assay_raw","Raw transcriptome data derived from GEO accession: GSE19435","3.14",NA,"tar.gz","https://www.ncbi.nlm.nih.gov/geo/query/acc.cgi?acc=GSE19435",NA,"Homo sapiens","9606",NA,"The National Center for Biotechnology Information","Xutao Wang <xutaow@bu.edu>","matrix","Rda","curatedTBData/data/GSE19435_assay_raw.rda","GSE19435:assay_raw"
"GSE19435_assay_curated","Curated transcriptome data derived from GEO accession: GSE19435","3.14",NA,"tar.gz","https://www.ncbi.nlm.nih.gov/geo/query/acc.cgi?acc=GSE19435",NA,"Homo sapiens","9606",NA,"The National Center for Biotechnology Information","Xutao Wang <xutaow@bu.edu>","matrix","Rda","curatedTBData/data/GSE19435_assay_curated.rda","GSE19435:assay_curated"
"GSE19435_column_data","Clinical information for samples derived from GEO accession: GSE19435","3.14",NA,"tar.gz","https://www.ncbi.nlm.nih.gov/geo/query/acc.cgi?acc=GSE19435",NA,"Homo sapiens","9606",NA,"The National Center for Biotechnology Information","Xutao Wang <xutaow@bu.edu>","DFrame","Rda","curatedTBData/data/GSE19435_column_data.rda","GSE19435:column_data"
"GSE19435_row_data","Probe set information for samples for derived from GEO accession: GSE19435","3.14",NA,"tar.gz","https://www.ncbi.nlm.nih.gov/geo/query/acc.cgi?acc=GSE19435",NA,"Homo sapiens","9606",NA,"The National Center for Biotechnology Information","Xutao Wang <xutaow@bu.edu>","DFrame","Rda","curatedTBData/data/GSE19435_row_data.rda","GSE19435:row_data"
"GSE19435_meta_data","Meta data information for samples derived from GEO accession: GSE19435","3.14",NA,"tar.gz","https://www.ncbi.nlm.nih.gov/geo/query/acc.cgi?acc=GSE19435",NA,"Homo sapiens","9606",NA,"The National Center for Biotechnology Information","Xutao Wang <xutaow@bu.edu>","MIAME","Rda","curatedTBData/data/GSE19435_meta_data.rda","GSE19435:meta_data"
"GSE19439_assay_raw","Raw transcriptome data derived from GEO accession: GSE19439","3.14",NA,"tar.gz","https://www.ncbi.nlm.nih.gov/geo/query/acc.cgi?acc=GSE19439",NA,"Homo sapiens","9606",NA,"The National Center for Biotechnology Information","Xutao Wang <xutaow@bu.edu>","matrix","Rda","curatedTBData/data/GSE19439_assay_raw.rda","GSE19439:assay_raw"
"GSE19439_assay_curated","Curated transcriptome data derived from GEO accession: GSE19439","3.14",NA,"tar.gz","https://www.ncbi.nlm.nih.gov/geo/query/acc.cgi?acc=GSE19439",NA,"Homo sapiens","9606",NA,"The National Center for Biotechnology Information","Xutao Wang <xutaow@bu.edu>","matrix","Rda","curatedTBData/data/GSE19439_assay_curated.rda","GSE19439:assay_curated"
"GSE19439_column_data","Clinical information for samples derived from GEO accession: GSE19439","3.14",NA,"tar.gz","https://www.ncbi.nlm.nih.gov/geo/query/acc.cgi?acc=GSE19439",NA,"Homo sapiens","9606",NA,"The National Center for Biotechnology Information","Xutao Wang <xutaow@bu.edu>","DFrame","Rda","curatedTBData/data/GSE19439_column_data.rda","GSE19439:column_data"
"GSE19439_row_data","Probe set information for samples for derived from GEO accession: GSE19439","3.14",NA,"tar.gz","https://www.ncbi.nlm.nih.gov/geo/query/acc.cgi?acc=GSE19439",NA,"Homo sapiens","9606",NA,"The National Center for Biotechnology Information","Xutao Wang <xutaow@bu.edu>","DFrame","Rda","curatedTBData/data/GSE19439_row_data.rda","GSE19439:row_data"
"GSE19439_meta_data","Meta data information for samples derived from GEO accession: GSE19439","3.14",NA,"tar.gz","https://www.ncbi.nlm.nih.gov/geo/query/acc.cgi?acc=GSE19439",NA,"Homo sapiens","9606",NA,"The National Center for Biotechnology Information","Xutao Wang <xutaow@bu.edu>","MIAME","Rda","curatedTBData/data/GSE19439_meta_data.rda","GSE19439:meta_data"
"GSE19442_assay_raw","Raw transcriptome data derived from GEO accession: GSE19442","3.14",NA,"tar.gz","https://www.ncbi.nlm.nih.gov/geo/query/acc.cgi?acc=GSE19442",NA,"Homo sapiens","9606",NA,"The National Center for Biotechnology Information","Xutao Wang <xutaow@bu.edu>","matrix","Rda","curatedTBData/data/GSE19442_assay_raw.rda","GSE19442:assay_raw"
"GSE19442_assay_curated","Curated transcriptome data derived from GEO accession: GSE19442","3.14",NA,"tar.gz","https://www.ncbi.nlm.nih.gov/geo/query/acc.cgi?acc=GSE19442",NA,"Homo sapiens","9606",NA,"The National Center for Biotechnology Information","Xutao Wang <xutaow@bu.edu>","matrix","Rda","curatedTBData/data/GSE19442_assay_curated.rda","GSE19442:assay_curated"
"GSE19442_column_data","Clinical information for samples derived from GEO accession: GSE19442","3.14",NA,"tar.gz","https://www.ncbi.nlm.nih.gov/geo/query/acc.cgi?acc=GSE19442",NA,"Homo sapiens","9606",NA,"The National Center for Biotechnology Information","Xutao Wang <xutaow@bu.edu>","DFrame","Rda","curatedTBData/data/GSE19442_column_data.rda","GSE19442:column_data"
"GSE19442_row_data","Probe set information for samples for derived from GEO accession: GSE19442","3.14",NA,"tar.gz","https://www.ncbi.nlm.nih.gov/geo/query/acc.cgi?acc=GSE19442",NA,"Homo sapiens","9606",NA,"The National Center for Biotechnology Information","Xutao Wang <xutaow@bu.edu>","DFrame","Rda","curatedTBData/data/GSE19442_row_data.rda","GSE19442:row_data"
"GSE19442_meta_data","Meta data information for samples derived from GEO accession: GSE19442","3.14",NA,"tar.gz","https://www.ncbi.nlm.nih.gov/geo/query/acc.cgi?acc=GSE19442",NA,"Homo sapiens","9606",NA,"The National Center for Biotechnology Information","Xutao Wang <xutaow@bu.edu>","MIAME","Rda","curatedTBData/data/GSE19442_meta_data.rda","GSE19442:meta_data"
"GSE19443_assay_raw","Raw transcriptome data derived from GEO accession: GSE19443","3.14",NA,"tar.gz","https://www.ncbi.nlm.nih.gov/geo/query/acc.cgi?acc=GSE19443",NA,"Homo sapiens","9606",NA,"The National Center for Biotechnology Information","Xutao Wang <xutaow@bu.edu>","matrix","Rda","curatedTBData/data/GSE19443_assay_raw.rda","GSE19443:assay_raw"
"GSE19443_assay_curated","Curated transcriptome data derived from GEO accession: GSE19443","3.14",NA,"tar.gz","https://www.ncbi.nlm.nih.gov/geo/query/acc.cgi?acc=GSE19443",NA,"Homo sapiens","9606",NA,"The National Center for Biotechnology Information","Xutao Wang <xutaow@bu.edu>","matrix","Rda","curatedTBData/data/GSE19443_assay_curated.rda","GSE19443:assay_curated"
"GSE19443_column_data","Clinical information for samples derived from GEO accession: GSE19443","3.14",NA,"tar.gz","https://www.ncbi.nlm.nih.gov/geo/query/acc.cgi?acc=GSE19443",NA,"Homo sapiens","9606",NA,"The National Center for Biotechnology Information","Xutao Wang <xutaow@bu.edu>","DFrame","Rda","curatedTBData/data/GSE19443_column_data.rda","GSE19443:column_data"
"GSE19443_row_data","Probe set information for samples for derived from GEO accession: GSE19443","3.14",NA,"tar.gz","https://www.ncbi.nlm.nih.gov/geo/query/acc.cgi?acc=GSE19443",NA,"Homo sapiens","9606",NA,"The National Center for Biotechnology Information","Xutao Wang <xutaow@bu.edu>","DFrame","Rda","curatedTBData/data/GSE19443_row_data.rda","GSE19443:row_data"
"GSE19443_meta_data","Meta data information for samples derived from GEO accession: GSE19443","3.14",NA,"tar.gz","https://www.ncbi.nlm.nih.gov/geo/query/acc.cgi?acc=GSE19443",NA,"Homo sapiens","9606",NA,"The National Center for Biotechnology Information","Xutao Wang <xutaow@bu.edu>","MIAME","Rda","curatedTBData/data/GSE19443_meta_data.rda","GSE19443:meta_data"
"GSE19444_assay_raw","Raw transcriptome data derived from GEO accession: GSE19444","3.14",NA,"tar.gz","https://www.ncbi.nlm.nih.gov/geo/query/acc.cgi?acc=GSE19444",NA,"Homo sapiens","9606",NA,"The National Center for Biotechnology Information","Xutao Wang <xutaow@bu.edu>","matrix","Rda","curatedTBData/data/GSE19444_assay_raw.rda","GSE19444:assay_raw"
"GSE19444_assay_curated","Curated transcriptome data derived from GEO accession: GSE19444","3.14",NA,"tar.gz","https://www.ncbi.nlm.nih.gov/geo/query/acc.cgi?acc=GSE19444",NA,"Homo sapiens","9606",NA,"The National Center for Biotechnology Information","Xutao Wang <xutaow@bu.edu>","matrix","Rda","curatedTBData/data/GSE19444_assay_curated.rda","GSE19444:assay_curated"
"GSE19444_column_data","Clinical information for samples derived from GEO accession: GSE19444","3.14",NA,"tar.gz","https://www.ncbi.nlm.nih.gov/geo/query/acc.cgi?acc=GSE19444",NA,"Homo sapiens","9606",NA,"The National Center for Biotechnology Information","Xutao Wang <xutaow@bu.edu>","DFrame","Rda","curatedTBData/data/GSE19444_column_data.rda","GSE19444:column_data"
"GSE19444_row_data","Probe set information for samples for derived from GEO accession: GSE19444","3.14",NA,"tar.gz","https://www.ncbi.nlm.nih.gov/geo/query/acc.cgi?acc=GSE19444",NA,"Homo sapiens","9606",NA,"The National Center for Biotechnology Information","Xutao Wang <xutaow@bu.edu>","DFrame","Rda","curatedTBData/data/GSE19444_row_data.rda","GSE19444:row_data"
"GSE19444_meta_data","Meta data information for samples derived from GEO accession: GSE19444","3.14",NA,"tar.gz","https://www.ncbi.nlm.nih.gov/geo/query/acc.cgi?acc=GSE19444",NA,"Homo sapiens","9606",NA,"The National Center for Biotechnology Information","Xutao Wang <xutaow@bu.edu>","MIAME","Rda","curatedTBData/data/GSE19444_meta_data.rda","GSE19444:meta_data"
"GSE22098_assay_raw","Raw transcriptome data derived from GEO accession: GSE22098","3.14",NA,"tar.gz","https://www.ncbi.nlm.nih.gov/geo/query/acc.cgi?acc=GSE22098",NA,"Homo sapiens","9606",NA,"The National Center for Biotechnology Information","Xutao Wang <xutaow@bu.edu>","matrix","Rda","curatedTBData/data/GSE22098_assay_raw.rda","GSE22098:assay_raw"
"GSE22098_assay_curated","Curated transcriptome data derived from GEO accession: GSE22098","3.14",NA,"tar.gz","https://www.ncbi.nlm.nih.gov/geo/query/acc.cgi?acc=GSE22098",NA,"Homo sapiens","9606",NA,"The National Center for Biotechnology Information","Xutao Wang <xutaow@bu.edu>","matrix","Rda","curatedTBData/data/GSE22098_assay_curated.rda","GSE22098:assay_curated"
"GSE22098_column_data","Clinical information for samples derived from GEO accession: GSE22098","3.14",NA,"tar.gz","https://www.ncbi.nlm.nih.gov/geo/query/acc.cgi?acc=GSE22098",NA,"Homo sapiens","9606",NA,"The National Center for Biotechnology Information","Xutao Wang <xutaow@bu.edu>","DFrame","Rda","curatedTBData/data/GSE22098_column_data.rda","GSE22098:column_data"
"GSE22098_row_data","Probe set information for samples for derived from GEO accession: GSE22098","3.14",NA,"tar.gz","https://www.ncbi.nlm.nih.gov/geo/query/acc.cgi?acc=GSE22098",NA,"Homo sapiens","9606",NA,"The National Center for Biotechnology Information","Xutao Wang <xutaow@bu.edu>","DFrame","Rda","curatedTBData/data/GSE22098_row_data.rda","GSE22098:row_data"
"GSE22098_meta_data","Meta data information for samples derived from GEO accession: GSE22098","3.14",NA,"tar.gz","https://www.ncbi.nlm.nih.gov/geo/query/acc.cgi?acc=GSE22098",NA,"Homo sapiens","9606",NA,"The National Center for Biotechnology Information","Xutao Wang <xutaow@bu.edu>","MIAME","Rda","curatedTBData/data/GSE22098_meta_data.rda","GSE22098:meta_data"
"GSE29536_assay_raw","Raw transcriptome data derived from GEO accession: GSE29536","3.14",NA,"tar.gz","https://www.ncbi.nlm.nih.gov/geo/query/acc.cgi?acc=GSE29536",NA,"Homo sapiens","9606",NA,"The National Center for Biotechnology Information","Xutao Wang <xutaow@bu.edu>","matrix","Rda","curatedTBData/data/GSE29536_assay_raw.rda","GSE29536:assay_raw"
"GSE29536_assay_curated","Curated transcriptome data derived from GEO accession: GSE29536","3.14",NA,"tar.gz","https://www.ncbi.nlm.nih.gov/geo/query/acc.cgi?acc=GSE29536",NA,"Homo sapiens","9606",NA,"The National Center for Biotechnology Information","Xutao Wang <xutaow@bu.edu>","matrix","Rda","curatedTBData/data/GSE29536_assay_curated.rda","GSE29536:assay_curated"
"GSE29536_column_data","Clinical information for samples derived from GEO accession: GSE29536","3.14",NA,"tar.gz","https://www.ncbi.nlm.nih.gov/geo/query/acc.cgi?acc=GSE29536",NA,"Homo sapiens","9606",NA,"The National Center for Biotechnology Information","Xutao Wang <xutaow@bu.edu>","DFrame","Rda","curatedTBData/data/GSE29536_column_data.rda","GSE29536:column_data"
"GSE29536_row_data","Probe set information for samples for derived from GEO accession: GSE29536","3.14",NA,"tar.gz","https://www.ncbi.nlm.nih.gov/geo/query/acc.cgi?acc=GSE29536",NA,"Homo sapiens","9606",NA,"The National Center for Biotechnology Information","Xutao Wang <xutaow@bu.edu>","DFrame","Rda","curatedTBData/data/GSE29536_row_data.rda","GSE29536:row_data"
"GSE29536_meta_data","Meta data information for samples derived from GEO accession: GSE29536","3.14",NA,"tar.gz","https://www.ncbi.nlm.nih.gov/geo/query/acc.cgi?acc=GSE29536",NA,"Homo sapiens","9606",NA,"The National Center for Biotechnology Information","Xutao Wang <xutaow@bu.edu>","MIAME","Rda","curatedTBData/data/GSE29536_meta_data.rda","GSE29536:meta_data"
"GSE37250_assay_raw","Raw transcriptome data derived from GEO accession: GSE37250","3.14",NA,"tar.gz","https://www.ncbi.nlm.nih.gov/geo/query/acc.cgi?acc=GSE37250",NA,"Homo sapiens","9606",NA,"The National Center for Biotechnology Information","Xutao Wang <xutaow@bu.edu>","matrix","Rda","curatedTBData/data/GSE37250_assay_raw.rda","GSE37250:assay_raw"
"GSE37250_assay_curated","Curated transcriptome data derived from GEO accession: GSE37250","3.14",NA,"tar.gz","https://www.ncbi.nlm.nih.gov/geo/query/acc.cgi?acc=GSE37250",NA,"Homo sapiens","9606",NA,"The National Center for Biotechnology Information","Xutao Wang <xutaow@bu.edu>","matrix","Rda","curatedTBData/data/GSE37250_assay_curated.rda","GSE37250:assay_curated"
"GSE37250_column_data","Clinical information for samples derived from GEO accession: GSE37250","3.14",NA,"tar.gz","https://www.ncbi.nlm.nih.gov/geo/query/acc.cgi?acc=GSE37250",NA,"Homo sapiens","9606",NA,"The National Center for Biotechnology Information","Xutao Wang <xutaow@bu.edu>","DFrame","Rda","curatedTBData/data/GSE37250_column_data.rda","GSE37250:column_data"
"GSE37250_row_data","Probe set information for samples for derived from GEO accession: GSE37250","3.14",NA,"tar.gz","https://www.ncbi.nlm.nih.gov/geo/query/acc.cgi?acc=GSE37250",NA,"Homo sapiens","9606",NA,"The National Center for Biotechnology Information","Xutao Wang <xutaow@bu.edu>","DFrame","Rda","curatedTBData/data/GSE37250_row_data.rda","GSE37250:row_data"
"GSE37250_meta_data","Meta data information for samples derived from GEO accession: GSE37250","3.14",NA,"tar.gz","https://www.ncbi.nlm.nih.gov/geo/query/acc.cgi?acc=GSE37250",NA,"Homo sapiens","9606",NA,"The National Center for Biotechnology Information","Xutao Wang <xutaow@bu.edu>","MIAME","Rda","curatedTBData/data/GSE37250_meta_data.rda","GSE37250:meta_data"
"GSE39939_assay_raw","Raw transcriptome data derived from GEO accession: GSE39939","3.14",NA,"tar.gz","https://www.ncbi.nlm.nih.gov/geo/query/acc.cgi?acc=GSE39939",NA,"Homo sapiens","9606",NA,"The National Center for Biotechnology Information","Xutao Wang <xutaow@bu.edu>","matrix","Rda","curatedTBData/data/GSE39939_assay_raw.rda","GSE39939:assay_raw"
"GSE39939_assay_curated","Curated transcriptome data derived from GEO accession: GSE39939","3.14",NA,"tar.gz","https://www.ncbi.nlm.nih.gov/geo/query/acc.cgi?acc=GSE39939",NA,"Homo sapiens","9606",NA,"The National Center for Biotechnology Information","Xutao Wang <xutaow@bu.edu>","matrix","Rda","curatedTBData/data/GSE39939_assay_curated.rda","GSE39939:assay_curated"
"GSE39939_column_data","Clinical information for samples derived from GEO accession: GSE39939","3.14",NA,"tar.gz","https://www.ncbi.nlm.nih.gov/geo/query/acc.cgi?acc=GSE39939",NA,"Homo sapiens","9606",NA,"The National Center for Biotechnology Information","Xutao Wang <xutaow@bu.edu>","DFrame","Rda","curatedTBData/data/GSE39939_column_data.rda","GSE39939:column_data"
"GSE39939_row_data","Probe set information for samples for derived from GEO accession: GSE39939","3.14",NA,"tar.gz","https://www.ncbi.nlm.nih.gov/geo/query/acc.cgi?acc=GSE39939",NA,"Homo sapiens","9606",NA,"The National Center for Biotechnology Information","Xutao Wang <xutaow@bu.edu>","DFrame","Rda","curatedTBData/data/GSE39939_row_data.rda","GSE39939:row_data"
"GSE39939_meta_data","Meta data information for samples derived from GEO accession: GSE39939","3.14",NA,"tar.gz","https://www.ncbi.nlm.nih.gov/geo/query/acc.cgi?acc=GSE39939",NA,"Homo sapiens","9606",NA,"The National Center for Biotechnology Information","Xutao Wang <xutaow@bu.edu>","MIAME","Rda","curatedTBData/data/GSE39939_meta_data.rda","GSE39939:meta_data"
"GSE39940_assay_raw","Raw transcriptome data derived from GEO accession: GSE39940","3.14",NA,"tar.gz","https://www.ncbi.nlm.nih.gov/geo/query/acc.cgi?acc=GSE39940",NA,"Homo sapiens","9606",NA,"The National Center for Biotechnology Information","Xutao Wang <xutaow@bu.edu>","matrix","Rda","curatedTBData/data/GSE39940_assay_raw.rda","GSE39940:assay_raw"
"GSE39940_assay_curated","Curated transcriptome data derived from GEO accession: GSE39940","3.14",NA,"tar.gz","https://www.ncbi.nlm.nih.gov/geo/query/acc.cgi?acc=GSE39940",NA,"Homo sapiens","9606",NA,"The National Center for Biotechnology Information","Xutao Wang <xutaow@bu.edu>","matrix","Rda","curatedTBData/data/GSE39940_assay_curated.rda","GSE39940:assay_curated"
"GSE39940_column_data","Clinical information for samples derived from GEO accession: GSE39940","3.14",NA,"tar.gz","https://www.ncbi.nlm.nih.gov/geo/query/acc.cgi?acc=GSE39940",NA,"Homo sapiens","9606",NA,"The National Center for Biotechnology Information","Xutao Wang <xutaow@bu.edu>","DFrame","Rda","curatedTBData/data/GSE39940_column_data.rda","GSE39940:column_data"
"GSE39940_row_data","Probe set information for samples for derived from GEO accession: GSE39940","3.14",NA,"tar.gz","https://www.ncbi.nlm.nih.gov/geo/query/acc.cgi?acc=GSE39940",NA,"Homo sapiens","9606",NA,"The National Center for Biotechnology Information","Xutao Wang <xutaow@bu.edu>","DFrame","Rda","curatedTBData/data/GSE39940_row_data.rda","GSE39940:row_data"
"GSE39940_meta_data","Meta data information for samples derived from GEO accession: GSE39940","3.14",NA,"tar.gz","https://www.ncbi.nlm.nih.gov/geo/query/acc.cgi?acc=GSE39940",NA,"Homo sapiens","9606",NA,"The National Center for Biotechnology Information","Xutao Wang <xutaow@bu.edu>","MIAME","Rda","curatedTBData/data/GSE39940_meta_data.rda","GSE39940:meta_data"
"GSE40553_assay_raw","Raw transcriptome data derived from GEO accession: GSE40553","3.14",NA,"tar.gz","https://www.ncbi.nlm.nih.gov/geo/query/acc.cgi?acc=GSE40553",NA,"Homo sapiens","9606",NA,"The National Center for Biotechnology Information","Xutao Wang <xutaow@bu.edu>","matrix","Rda","curatedTBData/data/GSE40553_assay_raw.rda","GSE40553:assay_raw"
"GSE40553_assay_curated","Curated transcriptome data derived from GEO accession: GSE40553","3.14",NA,"tar.gz","https://www.ncbi.nlm.nih.gov/geo/query/acc.cgi?acc=GSE40553",NA,"Homo sapiens","9606",NA,"The National Center for Biotechnology Information","Xutao Wang <xutaow@bu.edu>","matrix","Rda","curatedTBData/data/GSE40553_assay_curated.rda","GSE40553:assay_curated"
"GSE40553_column_data","Clinical information for samples derived from GEO accession: GSE40553","3.14",NA,"tar.gz","https://www.ncbi.nlm.nih.gov/geo/query/acc.cgi?acc=GSE40553",NA,"Homo sapiens","9606",NA,"The National Center for Biotechnology Information","Xutao Wang <xutaow@bu.edu>","DFrame","Rda","curatedTBData/data/GSE40553_column_data.rda","GSE40553:column_data"
"GSE40553_row_data","Probe set information for samples for derived from GEO accession: GSE40553","3.14",NA,"tar.gz","https://www.ncbi.nlm.nih.gov/geo/query/acc.cgi?acc=GSE40553",NA,"Homo sapiens","9606",NA,"The National Center for Biotechnology Information","Xutao Wang <xutaow@bu.edu>","DFrame","Rda","curatedTBData/data/GSE40553_row_data.rda","GSE40553:row_data"
"GSE40553_meta_data","Meta data information for samples derived from GEO accession: GSE40553","3.14",NA,"tar.gz","https://www.ncbi.nlm.nih.gov/geo/query/acc.cgi?acc=GSE40553",NA,"Homo sapiens","9606",NA,"The National Center for Biotechnology Information","Xutao Wang <xutaow@bu.edu>","MIAME","Rda","curatedTBData/data/GSE40553_meta_data.rda","GSE40553:meta_data"
"GSE42825_assay_raw","Raw transcriptome data derived from GEO accession: GSE42825","3.14",NA,"tar.gz","https://www.ncbi.nlm.nih.gov/geo/query/acc.cgi?acc=GSE42825",NA,"Homo sapiens","9606",NA,"The National Center for Biotechnology Information","Xutao Wang <xutaow@bu.edu>","matrix","Rda","curatedTBData/data/GSE42825_assay_raw.rda","GSE42825:assay_raw"
"GSE42825_assay_curated","Curated transcriptome data derived from GEO accession: GSE42825","3.14",NA,"tar.gz","https://www.ncbi.nlm.nih.gov/geo/query/acc.cgi?acc=GSE42825",NA,"Homo sapiens","9606",NA,"The National Center for Biotechnology Information","Xutao Wang <xutaow@bu.edu>","matrix","Rda","curatedTBData/data/GSE42825_assay_curated.rda","GSE42825:assay_curated"
"GSE42825_column_data","Clinical information for samples derived from GEO accession: GSE42825","3.14",NA,"tar.gz","https://www.ncbi.nlm.nih.gov/geo/query/acc.cgi?acc=GSE42825",NA,"Homo sapiens","9606",NA,"The National Center for Biotechnology Information","Xutao Wang <xutaow@bu.edu>","DFrame","Rda","curatedTBData/data/GSE42825_column_data.rda","GSE42825:column_data"
"GSE42825_row_data","Probe set information for samples for derived from GEO accession: GSE42825","3.14",NA,"tar.gz","https://www.ncbi.nlm.nih.gov/geo/query/acc.cgi?acc=GSE42825",NA,"Homo sapiens","9606",NA,"The National Center for Biotechnology Information","Xutao Wang <xutaow@bu.edu>","DFrame","Rda","curatedTBData/data/GSE42825_row_data.rda","GSE42825:row_data"
"GSE42825_meta_data","Meta data information for samples derived from GEO accession: GSE42825","3.14",NA,"tar.gz","https://www.ncbi.nlm.nih.gov/geo/query/acc.cgi?acc=GSE42825",NA,"Homo sapiens","9606",NA,"The National Center for Biotechnology Information","Xutao Wang <xutaow@bu.edu>","MIAME","Rda","curatedTBData/data/GSE42825_meta_data.rda","GSE42825:meta_data"
"GSE42826_assay_raw","Raw transcriptome data derived from GEO accession: GSE42826","3.14",NA,"tar.gz","https://www.ncbi.nlm.nih.gov/geo/query/acc.cgi?acc=GSE42826",NA,"Homo sapiens","9606",NA,"The National Center for Biotechnology Information","Xutao Wang <xutaow@bu.edu>","matrix","Rda","curatedTBData/data/GSE42826_assay_raw.rda","GSE42826:assay_raw"
"GSE42826_assay_curated","Curated transcriptome data derived from GEO accession: GSE42826","3.14",NA,"tar.gz","https://www.ncbi.nlm.nih.gov/geo/query/acc.cgi?acc=GSE42826",NA,"Homo sapiens","9606",NA,"The National Center for Biotechnology Information","Xutao Wang <xutaow@bu.edu>","matrix","Rda","curatedTBData/data/GSE42826_assay_curated.rda","GSE42826:assay_curated"
"GSE42826_column_data","Clinical information for samples derived from GEO accession: GSE42826","3.14",NA,"tar.gz","https://www.ncbi.nlm.nih.gov/geo/query/acc.cgi?acc=GSE42826",NA,"Homo sapiens","9606",NA,"The National Center for Biotechnology Information","Xutao Wang <xutaow@bu.edu>","DFrame","Rda","curatedTBData/data/GSE42826_column_data.rda","GSE42826:column_data"
"GSE42826_row_data","Probe set information for samples for derived from GEO accession: GSE42826","3.14",NA,"tar.gz","https://www.ncbi.nlm.nih.gov/geo/query/acc.cgi?acc=GSE42826",NA,"Homo sapiens","9606",NA,"The National Center for Biotechnology Information","Xutao Wang <xutaow@bu.edu>","DFrame","Rda","curatedTBData/data/GSE42826_row_data.rda","GSE42826:row_data"
"GSE42826_meta_data","Meta data information for samples derived from GEO accession: GSE42826","3.14",NA,"tar.gz","https://www.ncbi.nlm.nih.gov/geo/query/acc.cgi?acc=GSE42826",NA,"Homo sapiens","9606",NA,"The National Center for Biotechnology Information","Xutao Wang <xutaow@bu.edu>","MIAME","Rda","curatedTBData/data/GSE42826_meta_data.rda","GSE42826:meta_data"
"GSE42827_assay_raw","Raw transcriptome data derived from GEO accession: GSE42827","3.14",NA,"tar.gz","https://www.ncbi.nlm.nih.gov/geo/query/acc.cgi?acc=GSE42827",NA,"Homo sapiens","9606",NA,"The National Center for Biotechnology Information","Xutao Wang <xutaow@bu.edu>","matrix","Rda","curatedTBData/data/GSE42827_assay_raw.rda","GSE42827:assay_raw"
"GSE42827_assay_curated","Curated transcriptome data derived from GEO accession: GSE42827","3.14",NA,"tar.gz","https://www.ncbi.nlm.nih.gov/geo/query/acc.cgi?acc=GSE42827",NA,"Homo sapiens","9606",NA,"The National Center for Biotechnology Information","Xutao Wang <xutaow@bu.edu>","matrix","Rda","curatedTBData/data/GSE42827_assay_curated.rda","GSE42827:assay_curated"
"GSE42827_column_data","Clinical information for samples derived from GEO accession: GSE42827","3.14",NA,"tar.gz","https://www.ncbi.nlm.nih.gov/geo/query/acc.cgi?acc=GSE42827",NA,"Homo sapiens","9606",NA,"The National Center for Biotechnology Information","Xutao Wang <xutaow@bu.edu>","DFrame","Rda","curatedTBData/data/GSE42827_column_data.rda","GSE42827:column_data"
"GSE42827_row_data","Probe set information for samples for derived from GEO accession: GSE42827","3.14",NA,"tar.gz","https://www.ncbi.nlm.nih.gov/geo/query/acc.cgi?acc=GSE42827",NA,"Homo sapiens","9606",NA,"The National Center for Biotechnology Information","Xutao Wang <xutaow@bu.edu>","DFrame","Rda","curatedTBData/data/GSE42827_row_data.rda","GSE42827:row_data"
"GSE42827_meta_data","Meta data information for samples derived from GEO accession: GSE42827","3.14",NA,"tar.gz","https://www.ncbi.nlm.nih.gov/geo/query/acc.cgi?acc=GSE42827",NA,"Homo sapiens","9606",NA,"The National Center for Biotechnology Information","Xutao Wang <xutaow@bu.edu>","MIAME","Rda","curatedTBData/data/GSE42827_meta_data.rda","GSE42827:meta_data"
"GSE42830_assay_raw","Raw transcriptome data derived from GEO accession: GSE42830","3.14",NA,"tar.gz","https://www.ncbi.nlm.nih.gov/geo/query/acc.cgi?acc=GSE42830",NA,"Homo sapiens","9606",NA,"The National Center for Biotechnology Information","Xutao Wang <xutaow@bu.edu>","matrix","Rda","curatedTBData/data/GSE42830_assay_raw.rda","GSE42830:assay_raw"
"GSE42830_assay_curated","Curated transcriptome data derived from GEO accession: GSE42830","3.14",NA,"tar.gz","https://www.ncbi.nlm.nih.gov/geo/query/acc.cgi?acc=GSE42830",NA,"Homo sapiens","9606",NA,"The National Center for Biotechnology Information","Xutao Wang <xutaow@bu.edu>","matrix","Rda","curatedTBData/data/GSE42830_assay_curated.rda","GSE42830:assay_curated"
"GSE42830_column_data","Clinical information for samples derived from GEO accession: GSE42830","3.14",NA,"tar.gz","https://www.ncbi.nlm.nih.gov/geo/query/acc.cgi?acc=GSE42830",NA,"Homo sapiens","9606",NA,"The National Center for Biotechnology Information","Xutao Wang <xutaow@bu.edu>","DFrame","Rda","curatedTBData/data/GSE42830_column_data.rda","GSE42830:column_data"
"GSE42830_row_data","Probe set information for samples for derived from GEO accession: GSE42830","3.14",NA,"tar.gz","https://www.ncbi.nlm.nih.gov/geo/query/acc.cgi?acc=GSE42830",NA,"Homo sapiens","9606",NA,"The National Center for Biotechnology Information","Xutao Wang <xutaow@bu.edu>","DFrame","Rda","curatedTBData/data/GSE42830_row_data.rda","GSE42830:row_data"
"GSE42830_meta_data","Meta data information for samples derived from GEO accession: GSE42830","3.14",NA,"tar.gz","https://www.ncbi.nlm.nih.gov/geo/query/acc.cgi?acc=GSE42830",NA,"Homo sapiens","9606",NA,"The National Center for Biotechnology Information","Xutao Wang <xutaow@bu.edu>","MIAME","Rda","curatedTBData/data/GSE42830_meta_data.rda","GSE42830:meta_data"
"GSE42831_assay_raw","Raw transcriptome data derived from GEO accession: GSE42831","3.14",NA,"tar.gz","https://www.ncbi.nlm.nih.gov/geo/query/acc.cgi?acc=GSE42831",NA,"Homo sapiens","9606",NA,"The National Center for Biotechnology Information","Xutao Wang <xutaow@bu.edu>","matrix","Rda","curatedTBData/data/GSE42831_assay_raw.rda","GSE42831:assay_raw"
"GSE42831_assay_curated","Curated transcriptome data derived from GEO accession: GSE42831","3.14",NA,"tar.gz","https://www.ncbi.nlm.nih.gov/geo/query/acc.cgi?acc=GSE42831",NA,"Homo sapiens","9606",NA,"The National Center for Biotechnology Information","Xutao Wang <xutaow@bu.edu>","matrix","Rda","curatedTBData/data/GSE42831_assay_curated.rda","GSE42831:assay_curated"
"GSE42831_column_data","Clinical information for samples derived from GEO accession: GSE42831","3.14",NA,"tar.gz","https://www.ncbi.nlm.nih.gov/geo/query/acc.cgi?acc=GSE42831",NA,"Homo sapiens","9606",NA,"The National Center for Biotechnology Information","Xutao Wang <xutaow@bu.edu>","DFrame","Rda","curatedTBData/data/GSE42831_column_data.rda","GSE42831:column_data"
"GSE42831_row_data","Probe set information for samples for derived from GEO accession: GSE42831","3.14",NA,"tar.gz","https://www.ncbi.nlm.nih.gov/geo/query/acc.cgi?acc=GSE42831",NA,"Homo sapiens","9606",NA,"The National Center for Biotechnology Information","Xutao Wang <xutaow@bu.edu>","DFrame","Rda","curatedTBData/data/GSE42831_row_data.rda","GSE42831:row_data"
"GSE42831_meta_data","Meta data information for samples derived from GEO accession: GSE42831","3.14",NA,"tar.gz","https://www.ncbi.nlm.nih.gov/geo/query/acc.cgi?acc=GSE42831",NA,"Homo sapiens","9606",NA,"The National Center for Biotechnology Information","Xutao Wang <xutaow@bu.edu>","MIAME","Rda","curatedTBData/data/GSE42831_meta_data.rda","GSE42831:meta_data"
"GSE42832_assay_raw","Raw transcriptome data derived from GEO accession: GSE42832","3.14",NA,"tar.gz","https://www.ncbi.nlm.nih.gov/geo/query/acc.cgi?acc=GSE42832",NA,"Homo sapiens","9606",NA,"The National Center for Biotechnology Information","Xutao Wang <xutaow@bu.edu>","matrix","Rda","curatedTBData/data/GSE42832_assay_raw.rda","GSE42832:assay_raw"
"GSE42832_assay_curated","Curated transcriptome data derived from GEO accession: GSE42832","3.14",NA,"tar.gz","https://www.ncbi.nlm.nih.gov/geo/query/acc.cgi?acc=GSE42832",NA,"Homo sapiens","9606",NA,"The National Center for Biotechnology Information","Xutao Wang <xutaow@bu.edu>","matrix","Rda","curatedTBData/data/GSE42832_assay_curated.rda","GSE42832:assay_curated"
"GSE42832_column_data","Clinical information for samples derived from GEO accession: GSE42832","3.14",NA,"tar.gz","https://www.ncbi.nlm.nih.gov/geo/query/acc.cgi?acc=GSE42832",NA,"Homo sapiens","9606",NA,"The National Center for Biotechnology Information","Xutao Wang <xutaow@bu.edu>","DFrame","Rda","curatedTBData/data/GSE42832_column_data.rda","GSE42832:column_data"
"GSE42832_row_data","Probe set information for samples for derived from GEO accession: GSE42832","3.14",NA,"tar.gz","https://www.ncbi.nlm.nih.gov/geo/query/acc.cgi?acc=GSE42832",NA,"Homo sapiens","9606",NA,"The National Center for Biotechnology Information","Xutao Wang <xutaow@bu.edu>","DFrame","Rda","curatedTBData/data/GSE42832_row_data.rda","GSE42832:row_data"
"GSE42832_meta_data","Meta data information for samples derived from GEO accession: GSE42832","3.14",NA,"tar.gz","https://www.ncbi.nlm.nih.gov/geo/query/acc.cgi?acc=GSE42832",NA,"Homo sapiens","9606",NA,"The National Center for Biotechnology Information","Xutao Wang <xutaow@bu.edu>","MIAME","Rda","curatedTBData/data/GSE42832_meta_data.rda","GSE42832:meta_data"
"GSE50834_assay_raw","Raw transcriptome data derived from GEO accession: GSE50834","3.14",NA,"tar.gz","https://www.ncbi.nlm.nih.gov/geo/query/acc.cgi?acc=GSE50834",NA,"Homo sapiens","9606",NA,"The National Center for Biotechnology Information","Xutao Wang <xutaow@bu.edu>","matrix","Rda","curatedTBData/data/GSE50834_assay_raw.rda","GSE50834:assay_raw"
"GSE50834_assay_curated","Curated transcriptome data derived from GEO accession: GSE50834","3.14",NA,"tar.gz","https://www.ncbi.nlm.nih.gov/geo/query/acc.cgi?acc=GSE50834",NA,"Homo sapiens","9606",NA,"The National Center for Biotechnology Information","Xutao Wang <xutaow@bu.edu>","matrix","Rda","curatedTBData/data/GSE50834_assay_curated.rda","GSE50834:assay_curated"
"GSE50834_column_data","Clinical information for samples derived from GEO accession: GSE50834","3.14",NA,"tar.gz","https://www.ncbi.nlm.nih.gov/geo/query/acc.cgi?acc=GSE50834",NA,"Homo sapiens","9606",NA,"The National Center for Biotechnology Information","Xutao Wang <xutaow@bu.edu>","DFrame","Rda","curatedTBData/data/GSE50834_column_data.rda","GSE50834:column_data"
"GSE50834_row_data","Probe set information for samples for derived from GEO accession: GSE50834","3.14",NA,"tar.gz","https://www.ncbi.nlm.nih.gov/geo/query/acc.cgi?acc=GSE50834",NA,"Homo sapiens","9606",NA,"The National Center for Biotechnology Information","Xutao Wang <xutaow@bu.edu>","DFrame","Rda","curatedTBData/data/GSE50834_row_data.rda","GSE50834:row_data"
"GSE50834_meta_data","Meta data information for samples derived from GEO accession: GSE50834","3.14",NA,"tar.gz","https://www.ncbi.nlm.nih.gov/geo/query/acc.cgi?acc=GSE50834",NA,"Homo sapiens","9606",NA,"The National Center for Biotechnology Information","Xutao Wang <xutaow@bu.edu>","MIAME","Rda","curatedTBData/data/GSE50834_meta_data.rda","GSE50834:meta_data"
"GSE56153_assay_raw","Raw transcriptome data derived from GEO accession: GSE56153","3.14",NA,"tar.gz","https://www.ncbi.nlm.nih.gov/geo/query/acc.cgi?acc=GSE56153",NA,"Homo sapiens","9606",NA,"The National Center for Biotechnology Information","Xutao Wang <xutaow@bu.edu>","matrix","Rda","curatedTBData/data/GSE56153_assay_raw.rda","GSE56153:assay_raw"
"GSE56153_assay_curated","Curated transcriptome data derived from GEO accession: GSE56153","3.14",NA,"tar.gz","https://www.ncbi.nlm.nih.gov/geo/query/acc.cgi?acc=GSE56153",NA,"Homo sapiens","9606",NA,"The National Center for Biotechnology Information","Xutao Wang <xutaow@bu.edu>","matrix","Rda","curatedTBData/data/GSE56153_assay_curated.rda","GSE56153:assay_curated"
"GSE56153_column_data","Clinical information for samples derived from GEO accession: GSE56153","3.14",NA,"tar.gz","https://www.ncbi.nlm.nih.gov/geo/query/acc.cgi?acc=GSE56153",NA,"Homo sapiens","9606",NA,"The National Center for Biotechnology Information","Xutao Wang <xutaow@bu.edu>","DFrame","Rda","curatedTBData/data/GSE56153_column_data.rda","GSE56153:column_data"
"GSE56153_row_data","Probe set information for samples for derived from GEO accession: GSE56153","3.14",NA,"tar.gz","https://www.ncbi.nlm.nih.gov/geo/query/acc.cgi?acc=GSE56153",NA,"Homo sapiens","9606",NA,"The National Center for Biotechnology Information","Xutao Wang <xutaow@bu.edu>","DFrame","Rda","curatedTBData/data/GSE56153_row_data.rda","GSE56153:row_data"
"GSE56153_meta_data","Meta data information for samples derived from GEO accession: GSE56153","3.14",NA,"tar.gz","https://www.ncbi.nlm.nih.gov/geo/query/acc.cgi?acc=GSE56153",NA,"Homo sapiens","9606",NA,"The National Center for Biotechnology Information","Xutao Wang <xutaow@bu.edu>","MIAME","Rda","curatedTBData/data/GSE56153_meta_data.rda","GSE56153:meta_data"
"GSE69581_assay_raw","Raw transcriptome data derived from GEO accession: GSE69581","3.14",NA,"tar.gz","https://www.ncbi.nlm.nih.gov/geo/query/acc.cgi?acc=GSE69581",NA,"Homo sapiens","9606",NA,"The National Center for Biotechnology Information","Xutao Wang <xutaow@bu.edu>","matrix","Rda","curatedTBData/data/GSE69581_assay_raw.rda","GSE69581:assay_raw"
"GSE69581_assay_curated","Curated transcriptome data derived from GEO accession: GSE69581","3.14",NA,"tar.gz","https://www.ncbi.nlm.nih.gov/geo/query/acc.cgi?acc=GSE69581",NA,"Homo sapiens","9606",NA,"The National Center for Biotechnology Information","Xutao Wang <xutaow@bu.edu>","matrix","Rda","curatedTBData/data/GSE69581_assay_curated.rda","GSE69581:assay_curated"
"GSE69581_column_data","Clinical information for samples derived from GEO accession: GSE69581","3.14",NA,"tar.gz","https://www.ncbi.nlm.nih.gov/geo/query/acc.cgi?acc=GSE69581",NA,"Homo sapiens","9606",NA,"The National Center for Biotechnology Information","Xutao Wang <xutaow@bu.edu>","DFrame","Rda","curatedTBData/data/GSE69581_column_data.rda","GSE69581:column_data"
"GSE69581_row_data","Probe set information for samples for derived from GEO accession: GSE69581","3.14",NA,"tar.gz","https://www.ncbi.nlm.nih.gov/geo/query/acc.cgi?acc=GSE69581",NA,"Homo sapiens","9606",NA,"The National Center for Biotechnology Information","Xutao Wang <xutaow@bu.edu>","DFrame","Rda","curatedTBData/data/GSE69581_row_data.rda","GSE69581:row_data"
"GSE69581_meta_data","Meta data information for samples derived from GEO accession: GSE69581","3.14",NA,"tar.gz","https://www.ncbi.nlm.nih.gov/geo/query/acc.cgi?acc=GSE69581",NA,"Homo sapiens","9606",NA,"The National Center for Biotechnology Information","Xutao Wang <xutaow@bu.edu>","MIAME","Rda","curatedTBData/data/GSE69581_meta_data.rda","GSE69581:meta_data"
"GSE83456_assay_raw","Raw transcriptome data derived from GEO accession: GSE83456","3.14",NA,"tar.gz","https://www.ncbi.nlm.nih.gov/geo/query/acc.cgi?acc=GSE83456",NA,"Homo sapiens","9606",NA,"The National Center for Biotechnology Information","Xutao Wang <xutaow@bu.edu>","matrix","Rda","curatedTBData/data/GSE83456_assay_raw.rda","GSE83456:assay_raw"
"GSE83456_assay_curated","Curated transcriptome data derived from GEO accession: GSE83456","3.14",NA,"tar.gz","https://www.ncbi.nlm.nih.gov/geo/query/acc.cgi?acc=GSE83456",NA,"Homo sapiens","9606",NA,"The National Center for Biotechnology Information","Xutao Wang <xutaow@bu.edu>","matrix","Rda","curatedTBData/data/GSE83456_assay_curated.rda","GSE83456:assay_curated"
"GSE83456_column_data","Clinical information for samples derived from GEO accession: GSE83456","3.14",NA,"tar.gz","https://www.ncbi.nlm.nih.gov/geo/query/acc.cgi?acc=GSE83456",NA,"Homo sapiens","9606",NA,"The National Center for Biotechnology Information","Xutao Wang <xutaow@bu.edu>","DFrame","Rda","curatedTBData/data/GSE83456_column_data.rda","GSE83456:column_data"
"GSE83456_row_data","Probe set information for samples for derived from GEO accession: GSE83456","3.14",NA,"tar.gz","https://www.ncbi.nlm.nih.gov/geo/query/acc.cgi?acc=GSE83456",NA,"Homo sapiens","9606",NA,"The National Center for Biotechnology Information","Xutao Wang <xutaow@bu.edu>","DFrame","Rda","curatedTBData/data/GSE83456_row_data.rda","GSE83456:row_data"
"GSE83456_meta_data","Meta data information for samples derived from GEO accession: GSE83456","3.14",NA,"tar.gz","https://www.ncbi.nlm.nih.gov/geo/query/acc.cgi?acc=GSE83456",NA,"Homo sapiens","9606",NA,"The National Center for Biotechnology Information","Xutao Wang <xutaow@bu.edu>","MIAME","Rda","curatedTBData/data/GSE83456_meta_data.rda","GSE83456:meta_data"
"GSE83892_assay_raw","Raw transcriptome data derived from GEO accession: GSE83892","3.14",NA,"tar.gz","https://www.ncbi.nlm.nih.gov/geo/query/acc.cgi?acc=GSE83892",NA,"Homo sapiens","9606",NA,"The National Center for Biotechnology Information","Xutao Wang <xutaow@bu.edu>","matrix","Rda","curatedTBData/data/GSE83892_assay_raw.rda","GSE83892:assay_raw"
"GSE83892_assay_curated","Curated transcriptome data derived from GEO accession: GSE83892","3.14",NA,"tar.gz","https://www.ncbi.nlm.nih.gov/geo/query/acc.cgi?acc=GSE83892",NA,"Homo sapiens","9606",NA,"The National Center for Biotechnology Information","Xutao Wang <xutaow@bu.edu>","matrix","Rda","curatedTBData/data/GSE83892_assay_curated.rda","GSE83892:assay_curated"
"GSE83892_column_data","Clinical information for samples derived from GEO accession: GSE83892","3.14",NA,"tar.gz","https://www.ncbi.nlm.nih.gov/geo/query/acc.cgi?acc=GSE83892",NA,"Homo sapiens","9606",NA,"The National Center for Biotechnology Information","Xutao Wang <xutaow@bu.edu>","DFrame","Rda","curatedTBData/data/GSE83892_column_data.rda","GSE83892:column_data"
"GSE83892_row_data","Probe set information for samples for derived from GEO accession: GSE83892","3.14",NA,"tar.gz","https://www.ncbi.nlm.nih.gov/geo/query/acc.cgi?acc=GSE83892",NA,"Homo sapiens","9606",NA,"The National Center for Biotechnology Information","Xutao Wang <xutaow@bu.edu>","DFrame","Rda","curatedTBData/data/GSE83892_row_data.rda","GSE83892:row_data"
"GSE83892_meta_data","Meta data information for samples derived from GEO accession: GSE83892","3.14",NA,"tar.gz","https://www.ncbi.nlm.nih.gov/geo/query/acc.cgi?acc=GSE83892",NA,"Homo sapiens","9606",NA,"The National Center for Biotechnology Information","Xutao Wang <xutaow@bu.edu>","MIAME","Rda","curatedTBData/data/GSE83892_meta_data.rda","GSE83892:meta_data"
"GSE25534_assay_raw","Raw transcriptome data derived from GEO accession: GSE25534","3.14",NA,"tar.gz","https://www.ncbi.nlm.nih.gov/geo/query/acc.cgi?acc=GSE25534",NA,"Homo sapiens","9606",NA,"The National Center for Biotechnology Information","Xutao Wang <xutaow@bu.edu>","matrix","Rda","curatedTBData/data/GSE25534_assay_raw.rda","GSE25534:assay_raw"
"GSE25534_assay_curated","Curated transcriptome data derived from GEO accession: GSE25534","3.14",NA,"tar.gz","https://www.ncbi.nlm.nih.gov/geo/query/acc.cgi?acc=GSE25534",NA,"Homo sapiens","9606",NA,"The National Center for Biotechnology Information","Xutao Wang <xutaow@bu.edu>","matrix","Rda","curatedTBData/data/GSE25534_assay_curated.rda","GSE25534:assay_curated"
"GSE25534_column_data","Clinical information for samples derived from GEO accession: GSE25534","3.14",NA,"tar.gz","https://www.ncbi.nlm.nih.gov/geo/query/acc.cgi?acc=GSE25534",NA,"Homo sapiens","9606",NA,"The National Center for Biotechnology Information","Xutao Wang <xutaow@bu.edu>","DFrame","Rda","curatedTBData/data/GSE25534_column_data.rda","GSE25534:column_data"
"GSE25534_row_data","Probe set information for samples for derived from GEO accession: GSE25534","3.14",NA,"tar.gz","https://www.ncbi.nlm.nih.gov/geo/query/acc.cgi?acc=GSE25534",NA,"Homo sapiens","9606",NA,"The National Center for Biotechnology Information","Xutao Wang <xutaow@bu.edu>","DFrame","Rda","curatedTBData/data/GSE25534_row_data.rda","GSE25534:row_data"
"GSE25534_meta_data","Meta data information for samples derived from GEO accession: GSE25534","3.14",NA,"tar.gz","https://www.ncbi.nlm.nih.gov/geo/query/acc.cgi?acc=GSE25534",NA,"Homo sapiens","9606",NA,"The National Center for Biotechnology Information","Xutao Wang <xutaow@bu.edu>","MIAME","Rda","curatedTBData/data/GSE25534_meta_data.rda","GSE25534:meta_data"
"GSE28623_assay_raw","Raw transcriptome data derived from GEO accession: GSE28623","3.14",NA,"tar.gz","https://www.ncbi.nlm.nih.gov/geo/query/acc.cgi?acc=GSE28623",NA,"Homo sapiens","9606",NA,"The National Center for Biotechnology Information","Xutao Wang <xutaow@bu.edu>","matrix","Rda","curatedTBData/data/GSE28623_assay_raw.rda","GSE28623:assay_raw"
"GSE28623_assay_curated","Curated transcriptome data derived from GEO accession: GSE28623","3.14",NA,"tar.gz","https://www.ncbi.nlm.nih.gov/geo/query/acc.cgi?acc=GSE28623",NA,"Homo sapiens","9606",NA,"The National Center for Biotechnology Information","Xutao Wang <xutaow@bu.edu>","matrix","Rda","curatedTBData/data/GSE28623_assay_curated.rda","GSE28623:assay_curated"
"GSE28623_column_data","Clinical information for samples derived from GEO accession: GSE28623","3.14",NA,"tar.gz","https://www.ncbi.nlm.nih.gov/geo/query/acc.cgi?acc=GSE28623",NA,"Homo sapiens","9606",NA,"The National Center for Biotechnology Information","Xutao Wang <xutaow@bu.edu>","DFrame","Rda","curatedTBData/data/GSE28623_column_data.rda","GSE28623:column_data"
"GSE28623_row_data","Probe set information for samples for derived from GEO accession: GSE28623","3.14",NA,"tar.gz","https://www.ncbi.nlm.nih.gov/geo/query/acc.cgi?acc=GSE28623",NA,"Homo sapiens","9606",NA,"The National Center for Biotechnology Information","Xutao Wang <xutaow@bu.edu>","DFrame","Rda","curatedTBData/data/GSE28623_row_data.rda","GSE28623:row_data"
"GSE28623_meta_data","Meta data information for samples derived from GEO accession: GSE28623","3.14",NA,"tar.gz","https://www.ncbi.nlm.nih.gov/geo/query/acc.cgi?acc=GSE28623",NA,"Homo sapiens","9606",NA,"The National Center for Biotechnology Information","Xutao Wang <xutaow@bu.edu>","MIAME","Rda","curatedTBData/data/GSE28623_meta_data.rda","GSE28623:meta_data"
"GSE34608_assay_raw","Raw transcriptome data derived from GEO accession: GSE34608","3.14",NA,"tar.gz","https://www.ncbi.nlm.nih.gov/geo/query/acc.cgi?acc=GSE34608",NA,"Homo sapiens","9606",NA,"The National Center for Biotechnology Information","Xutao Wang <xutaow@bu.edu>","matrix","Rda","curatedTBData/data/GSE34608_assay_raw.rda","GSE34608:assay_raw"
"GSE34608_assay_curated","Curated transcriptome data derived from GEO accession: GSE34608","3.14",NA,"tar.gz","https://www.ncbi.nlm.nih.gov/geo/query/acc.cgi?acc=GSE34608",NA,"Homo sapiens","9606",NA,"The National Center for Biotechnology Information","Xutao Wang <xutaow@bu.edu>","matrix","Rda","curatedTBData/data/GSE34608_assay_curated.rda","GSE34608:assay_curated"
"GSE34608_column_data","Clinical information for samples derived from GEO accession: GSE34608","3.14",NA,"tar.gz","https://www.ncbi.nlm.nih.gov/geo/query/acc.cgi?acc=GSE34608",NA,"Homo sapiens","9606",NA,"The National Center for Biotechnology Information","Xutao Wang <xutaow@bu.edu>","DFrame","Rda","curatedTBData/data/GSE34608_column_data.rda","GSE34608:column_data"
"GSE34608_row_data","Probe set information for samples for derived from GEO accession: GSE34608","3.14",NA,"tar.gz","https://www.ncbi.nlm.nih.gov/geo/query/acc.cgi?acc=GSE34608",NA,"Homo sapiens","9606",NA,"The National Center for Biotechnology Information","Xutao Wang <xutaow@bu.edu>","DFrame","Rda","curatedTBData/data/GSE34608_row_data.rda","GSE34608:row_data"
"GSE34608_meta_data","Meta data information for samples derived from GEO accession: GSE34608","3.14",NA,"tar.gz","https://www.ncbi.nlm.nih.gov/geo/query/acc.cgi?acc=GSE34608",NA,"Homo sapiens","9606",NA,"The National Center for Biotechnology Information","Xutao Wang <xutaow@bu.edu>","MIAME","Rda","curatedTBData/data/GSE34608_meta_data.rda","GSE34608:meta_data"
"GSE62147_assay_raw","Raw transcriptome data derived from GEO accession: GSE62147","3.14",NA,"tar.gz","https://www.ncbi.nlm.nih.gov/geo/query/acc.cgi?acc=GSE62147",NA,"Homo sapiens","9606",NA,"The National Center for Biotechnology Information","Xutao Wang <xutaow@bu.edu>","matrix","Rda","curatedTBData/data/GSE62147_assay_raw.rda","GSE62147:assay_raw"
"GSE62147_assay_curated","Curated transcriptome data derived from GEO accession: GSE62147","3.14",NA,"tar.gz","https://www.ncbi.nlm.nih.gov/geo/query/acc.cgi?acc=GSE62147",NA,"Homo sapiens","9606",NA,"The National Center for Biotechnology Information","Xutao Wang <xutaow@bu.edu>","matrix","Rda","curatedTBData/data/GSE62147_assay_curated.rda","GSE62147:assay_curated"
"GSE62147_column_data","Clinical information for samples derived from GEO accession: GSE62147","3.14",NA,"tar.gz","https://www.ncbi.nlm.nih.gov/geo/query/acc.cgi?acc=GSE62147",NA,"Homo sapiens","9606",NA,"The National Center for Biotechnology Information","Xutao Wang <xutaow@bu.edu>","DFrame","Rda","curatedTBData/data/GSE62147_column_data.rda","GSE62147:column_data"
"GSE62147_row_data","Probe set information for samples for derived from GEO accession: GSE62147","3.14",NA,"tar.gz","https://www.ncbi.nlm.nih.gov/geo/query/acc.cgi?acc=GSE62147",NA,"Homo sapiens","9606",NA,"The National Center for Biotechnology Information","Xutao Wang <xutaow@bu.edu>","DFrame","Rda","curatedTBData/data/GSE62147_row_data.rda","GSE62147:row_data"
"GSE62147_meta_data","Meta data information for samples derived from GEO accession: GSE62147","3.14",NA,"tar.gz","https://www.ncbi.nlm.nih.gov/geo/query/acc.cgi?acc=GSE62147",NA,"Homo sapiens","9606",NA,"The National Center for Biotechnology Information","Xutao Wang <xutaow@bu.edu>","MIAME","Rda","curatedTBData/data/GSE62147_meta_data.rda","GSE62147:meta_data"
"GSE81746_assay_raw","Raw transcriptome data derived from GEO accession: GSE81746","3.14",NA,"tar.gz","https://www.ncbi.nlm.nih.gov/geo/query/acc.cgi?acc=GSE81746",NA,"Homo sapiens","9606",NA,"The National Center for Biotechnology Information","Xutao Wang <xutaow@bu.edu>","matrix","Rda","curatedTBData/data/GSE81746_assay_raw.rda","GSE81746:assay_raw"
"GSE81746_assay_curated","Curated transcriptome data derived from GEO accession: GSE81746","3.14",NA,"tar.gz","https://www.ncbi.nlm.nih.gov/geo/query/acc.cgi?acc=GSE81746",NA,"Homo sapiens","9606",NA,"The National Center for Biotechnology Information","Xutao Wang <xutaow@bu.edu>","matrix","Rda","curatedTBData/data/GSE81746_assay_curated.rda","GSE81746:assay_curated"
"GSE81746_column_data","Clinical information for samples derived from GEO accession: GSE81746","3.14",NA,"tar.gz","https://www.ncbi.nlm.nih.gov/geo/query/acc.cgi?acc=GSE81746",NA,"Homo sapiens","9606",NA,"The National Center for Biotechnology Information","Xutao Wang <xutaow@bu.edu>","DFrame","Rda","curatedTBData/data/GSE81746_column_data.rda","GSE81746:column_data"
"GSE81746_row_data","Probe set information for samples for derived from GEO accession: GSE81746","3.14",NA,"tar.gz","https://www.ncbi.nlm.nih.gov/geo/query/acc.cgi?acc=GSE81746",NA,"Homo sapiens","9606",NA,"The National Center for Biotechnology Information","Xutao Wang <xutaow@bu.edu>","DFrame","Rda","curatedTBData/data/GSE81746_row_data.rda","GSE81746:row_data"
"GSE81746_meta_data","Meta data information for samples derived from GEO accession: GSE81746","3.14",NA,"tar.gz","https://www.ncbi.nlm.nih.gov/geo/query/acc.cgi?acc=GSE81746",NA,"Homo sapiens","9606",NA,"The National Center for Biotechnology Information","Xutao Wang <xutaow@bu.edu>","MIAME","Rda","curatedTBData/data/GSE81746_meta_data.rda","GSE81746:meta_data"
"GSE62525_assay_raw","Raw transcriptome data derived from GEO accession: GSE62525","3.14",NA,"tar.gz","https://www.ncbi.nlm.nih.gov/geo/query/acc.cgi?acc=GSE62525",NA,"Homo sapiens","9606",NA,"The National Center for Biotechnology Information","Xutao Wang <xutaow@bu.edu>","matrix","Rda","curatedTBData/data/GSE62525_assay_raw.rda","GSE62525:assay_raw"
"GSE62525_assay_curated","Curated transcriptome data derived from GEO accession: GSE62525","3.14",NA,"tar.gz","https://www.ncbi.nlm.nih.gov/geo/query/acc.cgi?acc=GSE62525",NA,"Homo sapiens","9606",NA,"The National Center for Biotechnology Information","Xutao Wang <xutaow@bu.edu>","matrix","Rda","curatedTBData/data/GSE62525_assay_curated.rda","GSE62525:assay_curated"
"GSE62525_column_data","Clinical information for samples derived from GEO accession: GSE62525","3.14",NA,"tar.gz","https://www.ncbi.nlm.nih.gov/geo/query/acc.cgi?acc=GSE62525",NA,"Homo sapiens","9606",NA,"The National Center for Biotechnology Information","Xutao Wang <xutaow@bu.edu>","DFrame","Rda","curatedTBData/data/GSE62525_column_data.rda","GSE62525:column_data"
"GSE62525_row_data","Probe set information for samples for derived from GEO accession: GSE62525","3.14",NA,"tar.gz","https://www.ncbi.nlm.nih.gov/geo/query/acc.cgi?acc=GSE62525",NA,"Homo sapiens","9606",NA,"The National Center for Biotechnology Information","Xutao Wang <xutaow@bu.edu>","DFrame","Rda","curatedTBData/data/GSE62525_row_data.rda","GSE62525:row_data"
"GSE62525_meta_data","Meta data information for samples derived from GEO accession: GSE62525","3.14",NA,"tar.gz","https://www.ncbi.nlm.nih.gov/geo/query/acc.cgi?acc=GSE62525",NA,"Homo sapiens","9606",NA,"The National Center for Biotechnology Information","Xutao Wang <xutaow@bu.edu>","MIAME","Rda","curatedTBData/data/GSE62525_meta_data.rda","GSE62525:meta_data"
"GSE74092_assay_raw","Raw transcriptome data derived from GEO accession: GSE74092","3.14",NA,"tar.gz","https://www.ncbi.nlm.nih.gov/geo/query/acc.cgi?acc=GSE74092",NA,"Homo sapiens","9606",NA,"The National Center for Biotechnology Information","Xutao Wang <xutaow@bu.edu>","matrix","Rda","curatedTBData/data/GSE74092_assay_raw.rda","GSE74092:assay_raw"
"GSE74092_assay_curated","Curated transcriptome data derived from GEO accession: GSE74092","3.14",NA,"tar.gz","https://www.ncbi.nlm.nih.gov/geo/query/acc.cgi?acc=GSE74092",NA,"Homo sapiens","9606",NA,"The National Center for Biotechnology Information","Xutao Wang <xutaow@bu.edu>","matrix","Rda","curatedTBData/data/GSE74092_assay_curated.rda","GSE74092:assay_curated"
"GSE74092_column_data","Clinical information for samples derived from GEO accession: GSE74092","3.14",NA,"tar.gz","https://www.ncbi.nlm.nih.gov/geo/query/acc.cgi?acc=GSE74092",NA,"Homo sapiens","9606",NA,"The National Center for Biotechnology Information","Xutao Wang <xutaow@bu.edu>","DFrame","Rda","curatedTBData/data/GSE74092_column_data.rda","GSE74092:column_data"
"GSE74092_row_data","Probe set information for samples for derived from GEO accession: GSE74092","3.14",NA,"tar.gz","https://www.ncbi.nlm.nih.gov/geo/query/acc.cgi?acc=GSE74092",NA,"Homo sapiens","9606",NA,"The National Center for Biotechnology Information","Xutao Wang <xutaow@bu.edu>","DFrame","Rda","curatedTBData/data/GSE74092_row_data.rda","GSE74092:row_data"
"GSE74092_meta_data","Meta data information for samples derived from GEO accession: GSE74092","3.14",NA,"tar.gz","https://www.ncbi.nlm.nih.gov/geo/query/acc.cgi?acc=GSE74092",NA,"Homo sapiens","9606",NA,"The National Center for Biotechnology Information","Xutao Wang <xutaow@bu.edu>","MIAME","Rda","curatedTBData/data/GSE74092_meta_data.rda","GSE74092:meta_data"
"GSE6112_assay_raw","Raw transcriptome data derived from GEO accession: GSE6112","3.14",NA,"tar.gz","https://www.ncbi.nlm.nih.gov/geo/query/acc.cgi?acc=GSE6112",NA,"Homo sapiens","9606",NA,"The National Center for Biotechnology Information","Xutao Wang <xutaow@bu.edu>","matrix","Rda","curatedTBData/data/GSE6112_assay_raw.rda","GSE6112:assay_raw"
"GSE6112_assay_curated","Curated transcriptome data derived from GEO accession: GSE6112","3.14",NA,"tar.gz","https://www.ncbi.nlm.nih.gov/geo/query/acc.cgi?acc=GSE6112",NA,"Homo sapiens","9606",NA,"The National Center for Biotechnology Information","Xutao Wang <xutaow@bu.edu>","matrix","Rda","curatedTBData/data/GSE6112_assay_curated.rda","GSE6112:assay_curated"
"GSE6112_column_data","Clinical information for samples derived from GEO accession: GSE6112","3.14",NA,"tar.gz","https://www.ncbi.nlm.nih.gov/geo/query/acc.cgi?acc=GSE6112",NA,"Homo sapiens","9606",NA,"The National Center for Biotechnology Information","Xutao Wang <xutaow@bu.edu>","DFrame","Rda","curatedTBData/data/GSE6112_column_data.rda","GSE6112:column_data"
"GSE6112_row_data","Probe set information for samples for derived from GEO accession: GSE6112","3.14",NA,"tar.gz","https://www.ncbi.nlm.nih.gov/geo/query/acc.cgi?acc=GSE6112",NA,"Homo sapiens","9606",NA,"The National Center for Biotechnology Information","Xutao Wang <xutaow@bu.edu>","DFrame","Rda","curatedTBData/data/GSE6112_row_data.rda","GSE6112:row_data"
"GSE6112_meta_data","Meta data information for samples derived from GEO accession: GSE6112","3.14",NA,"tar.gz","https://www.ncbi.nlm.nih.gov/geo/query/acc.cgi?acc=GSE6112",NA,"Homo sapiens","9606",NA,"The National Center for Biotechnology Information","Xutao Wang <xutaow@bu.edu>","MIAME","Rda","curatedTBData/data/GSE6112_meta_data.rda","GSE6112:meta_data"
"GSE79362_assay_raw","Raw transcriptome data derived from GEO accession: GSE79362","3.14",NA,"tar.gz","https://www.ncbi.nlm.nih.gov/geo/query/acc.cgi?acc=GSE79362",NA,"Homo sapiens","9606",NA,"The National Center for Biotechnology Information","Xutao Wang <xutaow@bu.edu>","matrix","Rda","curatedTBData/data/GSE79362_assay_raw.rda","GSE79362:assay_raw"
"GSE79362_assay_curated","Curated transcriptome data derived from GEO accession: GSE79362","3.14",NA,"tar.gz","https://www.ncbi.nlm.nih.gov/geo/query/acc.cgi?acc=GSE79362",NA,"Homo sapiens","9606",NA,"The National Center for Biotechnology Information","Xutao Wang <xutaow@bu.edu>","matrix","Rda","curatedTBData/data/GSE79362_assay_curated.rda","GSE79362:assay_curated"
"GSE79362_column_data","Clinical information for samples derived from GEO accession: GSE79362","3.14",NA,"tar.gz","https://www.ncbi.nlm.nih.gov/geo/query/acc.cgi?acc=GSE79362",NA,"Homo sapiens","9606",NA,"The National Center for Biotechnology Information","Xutao Wang <xutaow@bu.edu>","DFrame","Rda","curatedTBData/data/GSE79362_column_data.rda","GSE79362:column_data"
"GSE79362_row_data","Probe set information for samples for derived from GEO accession: GSE79362","3.14",NA,"tar.gz","https://www.ncbi.nlm.nih.gov/geo/query/acc.cgi?acc=GSE79362",NA,"Homo sapiens","9606",NA,"The National Center for Biotechnology Information","Xutao Wang <xutaow@bu.edu>","DFrame","Rda","curatedTBData/data/GSE79362_row_data.rda","GSE79362:row_data"
"GSE79362_meta_data","Meta data information for samples derived from GEO accession: GSE79362","3.14",NA,"tar.gz","https://www.ncbi.nlm.nih.gov/geo/query/acc.cgi?acc=GSE79362",NA,"Homo sapiens","9606",NA,"The National Center for Biotechnology Information","Xutao Wang <xutaow@bu.edu>","MIAME","Rda","curatedTBData/data/GSE79362_meta_data.rda","GSE79362:meta_data"
"GSE79362_assay_reprocess_hg19","Reprocessed RNA-seq data derived from GEO accession: GSE79362","3.14",NA,"tar.gz","https://www.ncbi.nlm.nih.gov/geo/query/acc.cgi?acc=GSE79362",NA,"Homo sapiens","9606",NA,"The National Center for Biotechnology Information","Xutao Wang <xutaow@bu.edu>","matrix","Rda","curatedTBData/data/GSE79362_assay_reprocess_hg19.rda","GSE79362:assay_reprocess"
"GSE84076_assay_raw","Raw transcriptome data derived from GEO accession: GSE84076","3.14",NA,"tar.gz","https://www.ncbi.nlm.nih.gov/geo/query/acc.cgi?acc=GSE84076",NA,"Homo sapiens","9606",NA,"The National Center for Biotechnology Information","Xutao Wang <xutaow@bu.edu>","matrix","Rda","curatedTBData/data/GSE84076_assay_raw.rda","GSE84076:assay_raw"
"GSE84076_assay_curated","Curated transcriptome data derived from GEO accession: GSE84076","3.14",NA,"tar.gz","https://www.ncbi.nlm.nih.gov/geo/query/acc.cgi?acc=GSE84076",NA,"Homo sapiens","9606",NA,"The National Center for Biotechnology Information","Xutao Wang <xutaow@bu.edu>","matrix","Rda","curatedTBData/data/GSE84076_assay_curated.rda","GSE84076:assay_curated"
"GSE84076_column_data","Clinical information for samples derived from GEO accession: GSE84076","3.14",NA,"tar.gz","https://www.ncbi.nlm.nih.gov/geo/query/acc.cgi?acc=GSE84076",NA,"Homo sapiens","9606",NA,"The National Center for Biotechnology Information","Xutao Wang <xutaow@bu.edu>","DFrame","Rda","curatedTBData/data/GSE84076_column_data.rda","GSE84076:column_data"
"GSE84076_row_data","Probe set information for samples for derived from GEO accession: GSE84076","3.14",NA,"tar.gz","https://www.ncbi.nlm.nih.gov/geo/query/acc.cgi?acc=GSE84076",NA,"Homo sapiens","9606",NA,"The National Center for Biotechnology Information","Xutao Wang <xutaow@bu.edu>","DFrame","Rda","curatedTBData/data/GSE84076_row_data.rda","GSE84076:row_data"
"GSE84076_meta_data","Meta data information for samples derived from GEO accession: GSE84076","3.14",NA,"tar.gz","https://www.ncbi.nlm.nih.gov/geo/query/acc.cgi?acc=GSE84076",NA,"Homo sapiens","9606",NA,"The National Center for Biotechnology Information","Xutao Wang <xutaow@bu.edu>","MIAME","Rda","curatedTBData/data/GSE84076_meta_data.rda","GSE84076:meta_data"
"GSE84076_assay_reprocess_hg19","Reprocessed RNA-seq data derived from GEO accession: GSE84076","3.14",NA,"tar.gz","https://www.ncbi.nlm.nih.gov/geo/query/acc.cgi?acc=GSE84076",NA,"Homo sapiens","9606",NA,"The National Center for Biotechnology Information","Xutao Wang <xutaow@bu.edu>","matrix","Rda","curatedTBData/data/GSE84076_assay_reprocess_hg19.rda","GSE84076:assay_reprocess"
"GSE89403_assay_raw","Raw transcriptome data derived from GEO accession: GSE89403","3.14",NA,"tar.gz","https://www.ncbi.nlm.nih.gov/geo/query/acc.cgi?acc=GSE89403",NA,"Homo sapiens","9606",NA,"The National Center for Biotechnology Information","Xutao Wang <xutaow@bu.edu>","matrix","Rda","curatedTBData/data/GSE89403_assay_raw.rda","GSE89403:assay_raw"
"GSE89403_assay_curated","Curated transcriptome data derived from GEO accession: GSE89403","3.14",NA,"tar.gz","https://www.ncbi.nlm.nih.gov/geo/query/acc.cgi?acc=GSE89403",NA,"Homo sapiens","9606",NA,"The National Center for Biotechnology Information","Xutao Wang <xutaow@bu.edu>","matrix","Rda","curatedTBData/data/GSE89403_assay_curated.rda","GSE89403:assay_curated"
"GSE89403_column_data","Clinical information for samples derived from GEO accession: GSE89403","3.14",NA,"tar.gz","https://www.ncbi.nlm.nih.gov/geo/query/acc.cgi?acc=GSE89403",NA,"Homo sapiens","9606",NA,"The National Center for Biotechnology Information","Xutao Wang <xutaow@bu.edu>","DFrame","Rda","curatedTBData/data/GSE89403_column_data.rda","GSE89403:column_data"
"GSE89403_row_data","Probe set information for samples for derived from GEO accession: GSE89403","3.14",NA,"tar.gz","https://www.ncbi.nlm.nih.gov/geo/query/acc.cgi?acc=GSE89403",NA,"Homo sapiens","9606",NA,"The National Center for Biotechnology Information","Xutao Wang <xutaow@bu.edu>","DFrame","Rda","curatedTBData/data/GSE89403_row_data.rda","GSE89403:row_data"
"GSE89403_meta_data","Meta data information for samples derived from GEO accession: GSE89403","3.14",NA,"tar.gz","https://www.ncbi.nlm.nih.gov/geo/query/acc.cgi?acc=GSE89403",NA,"Homo sapiens","9606",NA,"The National Center for Biotechnology Information","Xutao Wang <xutaow@bu.edu>","MIAME","Rda","curatedTBData/data/GSE89403_meta_data.rda","GSE89403:meta_data"
"GSE89403_assay_reprocess_hg19","Reprocessed RNA-seq data derived from GEO accession: GSE89403","3.14",NA,"tar.gz","https://www.ncbi.nlm.nih.gov/geo/query/acc.cgi?acc=GSE89403",NA,"Homo sapiens","9606",NA,"The National Center for Biotechnology Information","Xutao Wang <xutaow@bu.edu>","matrix","Rda","curatedTBData/data/GSE89403_assay_reprocess_hg19.rda","GSE89403:assay_reprocess"
"GSE94438_assay_raw","Raw transcriptome data derived from GEO accession: GSE94438","3.14",NA,"tar.gz","https://www.ncbi.nlm.nih.gov/geo/query/acc.cgi?acc=GSE94438",NA,"Homo sapiens","9606",NA,"The National Center for Biotechnology Information","Xutao Wang <xutaow@bu.edu>","matrix","Rda","curatedTBData/data/GSE94438_assay_raw.rda","GSE94438:assay_raw"
"GSE94438_assay_curated","Curated transcriptome data derived from GEO accession: GSE94438","3.14",NA,"tar.gz","https://www.ncbi.nlm.nih.gov/geo/query/acc.cgi?acc=GSE94438",NA,"Homo sapiens","9606",NA,"The National Center for Biotechnology Information","Xutao Wang <xutaow@bu.edu>","matrix","Rda","curatedTBData/data/GSE94438_assay_curated.rda","GSE94438:assay_curated"
"GSE94438_column_data","Clinical information for samples derived from GEO accession: GSE94438","3.14",NA,"tar.gz","https://www.ncbi.nlm.nih.gov/geo/query/acc.cgi?acc=GSE94438",NA,"Homo sapiens","9606",NA,"The National Center for Biotechnology Information","Xutao Wang <xutaow@bu.edu>","DFrame","Rda","curatedTBData/data/GSE94438_column_data.rda","GSE94438:column_data"
"GSE94438_row_data","Probe set information for samples for derived from GEO accession: GSE94438","3.14",NA,"tar.gz","https://www.ncbi.nlm.nih.gov/geo/query/acc.cgi?acc=GSE94438",NA,"Homo sapiens","9606",NA,"The National Center for Biotechnology Information","Xutao Wang <xutaow@bu.edu>","DFrame","Rda","curatedTBData/data/GSE94438_row_data.rda","GSE94438:row_data"
"GSE94438_meta_data","Meta data information for samples derived from GEO accession: GSE94438","3.14",NA,"tar.gz","https://www.ncbi.nlm.nih.gov/geo/query/acc.cgi?acc=GSE94438",NA,"Homo sapiens","9606",NA,"The National Center for Biotechnology Information","Xutao Wang <xutaow@bu.edu>","MIAME","Rda","curatedTBData/data/GSE94438_meta_data.rda","GSE94438:meta_data"
"GSE94438_assay_reprocess_hg19","Reprocessed RNA-seq data derived from GEO accession: GSE94438","3.14",NA,"tar.gz","https://www.ncbi.nlm.nih.gov/geo/query/acc.cgi?acc=GSE94438",NA,"Homo sapiens","9606",NA,"The National Center for Biotechnology Information","Xutao Wang <xutaow@bu.edu>","matrix","Rda","curatedTBData/data/GSE94438_assay_reprocess_hg19.rda","GSE94438:assay_reprocess"
"GSE107991_assay_raw","Raw transcriptome data derived from GEO accession: GSE107991","3.14",NA,"tar.gz","https://www.ncbi.nlm.nih.gov/geo/query/acc.cgi?acc=GSE107991",NA,"Homo sapiens","9606",NA,"The National Center for Biotechnology Information","Xutao Wang <xutaow@bu.edu>","matrix","Rda","curatedTBData/data/GSE107991_assay_raw.rda","GSE107991:assay_raw"
"GSE107991_assay_curated","Curated transcriptome data derived from GEO accession: GSE107991","3.14",NA,"tar.gz","https://www.ncbi.nlm.nih.gov/geo/query/acc.cgi?acc=GSE107991",NA,"Homo sapiens","9606",NA,"The National Center for Biotechnology Information","Xutao Wang <xutaow@bu.edu>","matrix","Rda","curatedTBData/data/GSE107991_assay_curated.rda","GSE107991:assay_curated"
"GSE107991_column_data","Clinical information for samples derived from GEO accession: GSE107991","3.14",NA,"tar.gz","https://www.ncbi.nlm.nih.gov/geo/query/acc.cgi?acc=GSE107991",NA,"Homo sapiens","9606",NA,"The National Center for Biotechnology Information","Xutao Wang <xutaow@bu.edu>","DFrame","Rda","curatedTBData/data/GSE107991_column_data.rda","GSE107991:column_data"
"GSE107991_row_data","Probe set information for samples for derived from GEO accession: GSE107991","3.14",NA,"tar.gz","https://www.ncbi.nlm.nih.gov/geo/query/acc.cgi?acc=GSE107991",NA,"Homo sapiens","9606",NA,"The National Center for Biotechnology Information","Xutao Wang <xutaow@bu.edu>","DFrame","Rda","curatedTBData/data/GSE107991_row_data.rda","GSE107991:row_data"
"GSE107991_meta_data","Meta data information for samples derived from GEO accession: GSE107991","3.14",NA,"tar.gz","https://www.ncbi.nlm.nih.gov/geo/query/acc.cgi?acc=GSE107991",NA,"Homo sapiens","9606",NA,"The National Center for Biotechnology Information","Xutao Wang <xutaow@bu.edu>","MIAME","Rda","curatedTBData/data/GSE107991_meta_data.rda","GSE107991:meta_data"
"GSE107991_assay_reprocess_hg38","Reprocessed RNA-seq data derived from GEO accession: GSE107991","3.14",NA,"tar.gz","https://www.ncbi.nlm.nih.gov/geo/query/acc.cgi?acc=GSE107991",NA,"Homo sapiens","9606",NA,"The National Center for Biotechnology Information","Xutao Wang <xutaow@bu.edu>","matrix","Rda","curatedTBData/data/GSE107991_assay_reprocess_hg38.rda","GSE107991:assay_reprocess"
"GSE107992_assay_raw","Raw transcriptome data derived from GEO accession: GSE107992","3.14",NA,"tar.gz","https://www.ncbi.nlm.nih.gov/geo/query/acc.cgi?acc=GSE107992",NA,"Homo sapiens","9606",NA,"The National Center for Biotechnology Information","Xutao Wang <xutaow@bu.edu>","matrix","Rda","curatedTBData/data/GSE107992_assay_raw.rda","GSE107992:assay_raw"
"GSE107992_assay_curated","Curated transcriptome data derived from GEO accession: GSE107992","3.14",NA,"tar.gz","https://www.ncbi.nlm.nih.gov/geo/query/acc.cgi?acc=GSE107992",NA,"Homo sapiens","9606",NA,"The National Center for Biotechnology Information","Xutao Wang <xutaow@bu.edu>","matrix","Rda","curatedTBData/data/GSE107992_assay_curated.rda","GSE107992:assay_curated"
"GSE107992_column_data","Clinical information for samples derived from GEO accession: GSE107992","3.14",NA,"tar.gz","https://www.ncbi.nlm.nih.gov/geo/query/acc.cgi?acc=GSE107992",NA,"Homo sapiens","9606",NA,"The National Center for Biotechnology Information","Xutao Wang <xutaow@bu.edu>","DFrame","Rda","curatedTBData/data/GSE107992_column_data.rda","GSE107992:column_data"
"GSE107992_row_data","Probe set information for samples for derived from GEO accession: GSE107992","3.14",NA,"tar.gz","https://www.ncbi.nlm.nih.gov/geo/query/acc.cgi?acc=GSE107992",NA,"Homo sapiens","9606",NA,"The National Center for Biotechnology Information","Xutao Wang <xutaow@bu.edu>","DFrame","Rda","curatedTBData/data/GSE107992_row_data.rda","GSE107992:row_data"
"GSE107992_meta_data","Meta data information for samples derived from GEO accession: GSE107992","3.14",NA,"tar.gz","https://www.ncbi.nlm.nih.gov/geo/query/acc.cgi?acc=GSE107992",NA,"Homo sapiens","9606",NA,"The National Center for Biotechnology Information","Xutao Wang <xutaow@bu.edu>","MIAME","Rda","curatedTBData/data/GSE107992_meta_data.rda","GSE107992:meta_data"
"GSE107992_assay_reprocess_hg38","Reprocessed RNA-seq data derived from GEO accession: GSE107992","3.14",NA,"tar.gz","https://www.ncbi.nlm.nih.gov/geo/query/acc.cgi?acc=GSE107992",NA,"Homo sapiens","9606",NA,"The National Center for Biotechnology Information","Xutao Wang <xutaow@bu.edu>","matrix","Rda","curatedTBData/data/GSE107992_assay_reprocess_hg38.rda","GSE107992:assay_reprocess"
"GSE107993_assay_raw","Raw transcriptome data derived from GEO accession: GSE107993","3.14",NA,"tar.gz","https://www.ncbi.nlm.nih.gov/geo/query/acc.cgi?acc=GSE107993",NA,"Homo sapiens","9606",NA,"The National Center for Biotechnology Information","Xutao Wang <xutaow@bu.edu>","matrix","Rda","curatedTBData/data/GSE107993_assay_raw.rda","GSE107993:assay_raw"
"GSE107993_assay_curated","Curated transcriptome data derived from GEO accession: GSE107993","3.14",NA,"tar.gz","https://www.ncbi.nlm.nih.gov/geo/query/acc.cgi?acc=GSE107993",NA,"Homo sapiens","9606",NA,"The National Center for Biotechnology Information","Xutao Wang <xutaow@bu.edu>","matrix","Rda","curatedTBData/data/GSE107993_assay_curated.rda","GSE107993:assay_curated"
"GSE107993_column_data","Clinical information for samples derived from GEO accession: GSE107993","3.14",NA,"tar.gz","https://www.ncbi.nlm.nih.gov/geo/query/acc.cgi?acc=GSE107993",NA,"Homo sapiens","9606",NA,"The National Center for Biotechnology Information","Xutao Wang <xutaow@bu.edu>","DFrame","Rda","curatedTBData/data/GSE107993_column_data.rda","GSE107993:column_data"
"GSE107993_row_data","Probe set information for samples for derived from GEO accession: GSE107993","3.14",NA,"tar.gz","https://www.ncbi.nlm.nih.gov/geo/query/acc.cgi?acc=GSE107993",NA,"Homo sapiens","9606",NA,"The National Center for Biotechnology Information","Xutao Wang <xutaow@bu.edu>","DFrame","Rda","curatedTBData/data/GSE107993_row_data.rda","GSE107993:row_data"
"GSE107993_meta_data","Meta data information for samples derived from GEO accession: GSE107993","3.14",NA,"tar.gz","https://www.ncbi.nlm.nih.gov/geo/query/acc.cgi?acc=GSE107993",NA,"Homo sapiens","9606",NA,"The National Center for Biotechnology Information","Xutao Wang <xutaow@bu.edu>","MIAME","Rda","curatedTBData/data/GSE107993_meta_data.rda","GSE107993:meta_data"
"GSE107993_assay_reprocess_hg38","Reprocessed RNA-seq data derived from GEO accession: GSE107993","3.14",NA,"tar.gz","https://www.ncbi.nlm.nih.gov/geo/query/acc.cgi?acc=GSE107993",NA,"Homo sapiens","9606",NA,"The National Center for Biotechnology Information","Xutao Wang <xutaow@bu.edu>","matrix","Rda","curatedTBData/data/GSE107993_assay_reprocess_hg38.rda","GSE107993:assay_reprocess"
"GSE107994_assay_raw","Raw transcriptome data derived from GEO accession: GSE107994","3.14",NA,"tar.gz","https://www.ncbi.nlm.nih.gov/geo/query/acc.cgi?acc=GSE107994",NA,"Homo sapiens","9606",NA,"The National Center for Biotechnology Information","Xutao Wang <xutaow@bu.edu>","matrix","Rda","curatedTBData/data/GSE107994_assay_raw.rda","GSE107994:assay_raw"
"GSE107994_assay_curated","Curated transcriptome data derived from GEO accession: GSE107994","3.14",NA,"tar.gz","https://www.ncbi.nlm.nih.gov/geo/query/acc.cgi?acc=GSE107994",NA,"Homo sapiens","9606",NA,"The National Center for Biotechnology Information","Xutao Wang <xutaow@bu.edu>","matrix","Rda","curatedTBData/data/GSE107994_assay_curated.rda","GSE107994:assay_curated"
"GSE107994_column_data","Clinical information for samples derived from GEO accession: GSE107994","3.14",NA,"tar.gz","https://www.ncbi.nlm.nih.gov/geo/query/acc.cgi?acc=GSE107994",NA,"Homo sapiens","9606",NA,"The National Center for Biotechnology Information","Xutao Wang <xutaow@bu.edu>","DFrame","Rda","curatedTBData/data/GSE107994_column_data.rda","GSE107994:column_data"
"GSE107994_row_data","Probe set information for samples for derived from GEO accession: GSE107994","3.14",NA,"tar.gz","https://www.ncbi.nlm.nih.gov/geo/query/acc.cgi?acc=GSE107994",NA,"Homo sapiens","9606",NA,"The National Center for Biotechnology Information","Xutao Wang <xutaow@bu.edu>","DFrame","Rda","curatedTBData/data/GSE107994_row_data.rda","GSE107994:row_data"
"GSE107994_meta_data","Meta data information for samples derived from GEO accession: GSE107994","3.14",NA,"tar.gz","https://www.ncbi.nlm.nih.gov/geo/query/acc.cgi?acc=GSE107994",NA,"Homo sapiens","9606",NA,"The National Center for Biotechnology Information","Xutao Wang <xutaow@bu.edu>","MIAME","Rda","curatedTBData/data/GSE107994_meta_data.rda","GSE107994:meta_data"
"GSE107994_assay_reprocess_hg38","Reprocessed RNA-seq data derived from GEO accession: GSE107994","3.14",NA,"tar.gz","https://www.ncbi.nlm.nih.gov/geo/query/acc.cgi?acc=GSE107994",NA,"Homo sapiens","9606",NA,"The National Center for Biotechnology Information","Xutao Wang <xutaow@bu.edu>","matrix","Rda","curatedTBData/data/GSE107994_assay_reprocess_hg38.rda","GSE107994:assay_reprocess"
"GSE101705_assay_raw","Raw transcriptome data derived from GEO accession: GSE101705","3.14",NA,"tar.gz","https://www.ncbi.nlm.nih.gov/geo/query/acc.cgi?acc=GSE101705",NA,"Homo sapiens","9606",NA,"The National Center for Biotechnology Information","Xutao Wang <xutaow@bu.edu>","matrix","Rda","curatedTBData/data/GSE101705_assay_raw.rda","GSE101705:assay_raw"
"GSE101705_assay_curated","Curated transcriptome data derived from GEO accession: GSE101705","3.14",NA,"tar.gz","https://www.ncbi.nlm.nih.gov/geo/query/acc.cgi?acc=GSE101705",NA,"Homo sapiens","9606",NA,"The National Center for Biotechnology Information","Xutao Wang <xutaow@bu.edu>","matrix","Rda","curatedTBData/data/GSE101705_assay_curated.rda","GSE101705:assay_curated"
"GSE101705_column_data","Clinical information for samples derived from GEO accession: GSE101705","3.14",NA,"tar.gz","https://www.ncbi.nlm.nih.gov/geo/query/acc.cgi?acc=GSE101705",NA,"Homo sapiens","9606",NA,"The National Center for Biotechnology Information","Xutao Wang <xutaow@bu.edu>","DFrame","Rda","curatedTBData/data/GSE101705_column_data.rda","GSE101705:column_data"
"GSE101705_row_data","Probe set information for samples for derived from GEO accession: GSE101705","3.14",NA,"tar.gz","https://www.ncbi.nlm.nih.gov/geo/query/acc.cgi?acc=GSE101705",NA,"Homo sapiens","9606",NA,"The National Center for Biotechnology Information","Xutao Wang <xutaow@bu.edu>","DFrame","Rda","curatedTBData/data/GSE101705_row_data.rda","GSE101705:row_data"
"GSE101705_meta_data","Meta data information for samples derived from GEO accession: GSE101705","3.14",NA,"tar.gz","https://www.ncbi.nlm.nih.gov/geo/query/acc.cgi?acc=GSE101705",NA,"Homo sapiens","9606",NA,"The National Center for Biotechnology Information","Xutao Wang <xutaow@bu.edu>","MIAME","Rda","curatedTBData/data/GSE101705_meta_data.rda","GSE101705:meta_data"
"GSE101705_assay_reprocess_hg19","Reprocessed RNA-seq data derived from GEO accession: GSE101705","3.14",NA,"tar.gz","https://www.ncbi.nlm.nih.gov/geo/query/acc.cgi?acc=GSE101705",NA,"Homo sapiens","9606",NA,"The National Center for Biotechnology Information","Xutao Wang <xutaow@bu.edu>","matrix","Rda","curatedTBData/data/GSE101705_assay_reprocess_hg19.rda","GSE101705:assay_reprocess"
"GSE107104_assay_raw","Raw transcriptome data derived from GEO accession: GSE107104","3.14",NA,"tar.gz","https://www.ncbi.nlm.nih.gov/geo/query/acc.cgi?acc=GSE107104",NA,"Homo sapiens","9606",NA,"The National Center for Biotechnology Information","Xutao Wang <xutaow@bu.edu>","matrix","Rda","curatedTBData/data/GSE107104_assay_raw.rda","GSE107104:assay_raw"
"GSE107104_assay_curated","Curated transcriptome data derived from GEO accession: GSE107104","3.14",NA,"tar.gz","https://www.ncbi.nlm.nih.gov/geo/query/acc.cgi?acc=GSE107104",NA,"Homo sapiens","9606",NA,"The National Center for Biotechnology Information","Xutao Wang <xutaow@bu.edu>","matrix","Rda","curatedTBData/data/GSE107104_assay_curated.rda","GSE107104:assay_curated"
"GSE107104_column_data","Clinical information for samples derived from GEO accession: GSE107104","3.14",NA,"tar.gz","https://www.ncbi.nlm.nih.gov/geo/query/acc.cgi?acc=GSE107104",NA,"Homo sapiens","9606",NA,"The National Center for Biotechnology Information","Xutao Wang <xutaow@bu.edu>","DFrame","Rda","curatedTBData/data/GSE107104_column_data.rda","GSE107104:column_data"
"GSE107104_row_data","Probe set information for samples for derived from GEO accession: GSE107104","3.14",NA,"tar.gz","https://www.ncbi.nlm.nih.gov/geo/query/acc.cgi?acc=GSE107104",NA,"Homo sapiens","9606",NA,"The National Center for Biotechnology Information","Xutao Wang <xutaow@bu.edu>","DFrame","Rda","curatedTBData/data/GSE107104_row_data.rda","GSE107104:row_data"
"GSE107104_meta_data","Meta data information for samples derived from GEO accession: GSE107104","3.14",NA,"tar.gz","https://www.ncbi.nlm.nih.gov/geo/query/acc.cgi?acc=GSE107104",NA,"Homo sapiens","9606",NA,"The National Center for Biotechnology Information","Xutao Wang <xutaow@bu.edu>","MIAME","Rda","curatedTBData/data/GSE107104_meta_data.rda","GSE107104:meta_data"
"GSE107104_assay_reprocess_hg19","Reprocessed RNA-seq data derived from GEO accession: GSE107104","3.14",NA,"tar.gz","https://www.ncbi.nlm.nih.gov/geo/query/acc.cgi?acc=GSE107104",NA,"Homo sapiens","9606",NA,"The National Center for Biotechnology Information","Xutao Wang <xutaow@bu.edu>","matrix","Rda","curatedTBData/data/GSE107104_assay_reprocess_hg19.rda","GSE107104:assay_reprocess"
"GSE112104_assay_raw","Raw transcriptome data derived from GEO accession: GSE112104","3.14",NA,"tar.gz","https://www.ncbi.nlm.nih.gov/geo/query/acc.cgi?acc=GSE112104",NA,"Homo sapiens","9606",NA,"The National Center for Biotechnology Information","Xutao Wang <xutaow@bu.edu>","matrix","Rda","curatedTBData/data/GSE112104_assay_raw.rda","GSE112104:assay_raw"
"GSE112104_assay_curated","Curated transcriptome data derived from GEO accession: GSE112104","3.14",NA,"tar.gz","https://www.ncbi.nlm.nih.gov/geo/query/acc.cgi?acc=GSE112104",NA,"Homo sapiens","9606",NA,"The National Center for Biotechnology Information","Xutao Wang <xutaow@bu.edu>","matrix","Rda","curatedTBData/data/GSE112104_assay_curated.rda","GSE112104:assay_curated"
"GSE112104_column_data","Clinical information for samples derived from GEO accession: GSE112104","3.14",NA,"tar.gz","https://www.ncbi.nlm.nih.gov/geo/query/acc.cgi?acc=GSE112104",NA,"Homo sapiens","9606",NA,"The National Center for Biotechnology Information","Xutao Wang <xutaow@bu.edu>","DFrame","Rda","curatedTBData/data/GSE112104_column_data.rda","GSE112104:column_data"
"GSE112104_row_data","Probe set information for samples for derived from GEO accession: GSE112104","3.14",NA,"tar.gz","https://www.ncbi.nlm.nih.gov/geo/query/acc.cgi?acc=GSE112104",NA,"Homo sapiens","9606",NA,"The National Center for Biotechnology Information","Xutao Wang <xutaow@bu.edu>","DFrame","Rda","curatedTBData/data/GSE112104_row_data.rda","GSE112104:row_data"
"GSE112104_meta_data","Meta data information for samples derived from GEO accession: GSE112104","3.14",NA,"tar.gz","https://www.ncbi.nlm.nih.gov/geo/query/acc.cgi?acc=GSE112104",NA,"Homo sapiens","9606",NA,"The National Center for Biotechnology Information","Xutao Wang <xutaow@bu.edu>","MIAME","Rda","curatedTBData/data/GSE112104_meta_data.rda","GSE112104:meta_data"
"GSE112104_assay_reprocess_hg19","Reprocessed RNA-seq data derived from GEO accession: GSE112104","3.14",NA,"tar.gz","https://www.ncbi.nlm.nih.gov/geo/query/acc.cgi?acc=GSE112104",NA,"Homo sapiens","9606",NA,"The National Center for Biotechnology Information","Xutao Wang <xutaow@bu.edu>","matrix","Rda","curatedTBData/data/GSE112104_assay_reprocess_hg19.rda","GSE112104:assay_reprocess"
"GSETornheim_assay_raw","Raw transcriptome data derived from Tornheim et.al","3.14",NA,"TSV","https://pubmed.ncbi.nlm.nih.gov/28515464/",NA,"Homo sapiens","9606",NA,"Bruno B Andrade","Xutao Wang <xutaow@bu.edu>","matrix","Rda","curatedTBData/data/GSETornheim_assay_raw.rda","GSETornheim:assay_raw"
"GSETornheim_assay_curated","Curated transcriptome data derived from Tornheim et.al","3.14",NA,"TSV","https://pubmed.ncbi.nlm.nih.gov/28515464/",NA,"Homo sapiens","9606",NA,"Bruno B Andrade","Xutao Wang <xutaow@bu.edu>","matrix","Rda","curatedTBData/data/GSETornheim_assay_curated.rda","GSETornheim:assay_curated"
"GSETornheim_column_data","Clinical information for samples derived from Tornheim et.al","3.14",NA,"TSV","https://pubmed.ncbi.nlm.nih.gov/28515464/",NA,"Homo sapiens","9606",NA,"Bruno B Andrade","Xutao Wang <xutaow@bu.edu>","DFrame","Rda","curatedTBData/data/GSETornheim_column_data.rda","GSETornheim:column_data"
"GSETornheim_row_data","Probe set information for samples for derived from Tornheim et.al","3.14",NA,"TSV","https://pubmed.ncbi.nlm.nih.gov/28515464/",NA,"Homo sapiens","9606",NA,"Bruno B Andrade","Xutao Wang <xutaow@bu.edu>","DFrame","Rda","curatedTBData/data/GSETornheim_row_data.rda","GSETornheim:row_data"
"GSETornheim_meta_data","Meta data information for samples derived from Tornheim et.al","3.14",NA,"TSV","https://pubmed.ncbi.nlm.nih.gov/28515464/",NA,"Homo sapiens","9606",NA,"Bruno B Andrade","Xutao Wang <xutaow@bu.edu>","MIAME","Rda","curatedTBData/data/GSETornheim_meta_data.rda","GSETornheim:meta_data"
"GSEBruno_assay_raw","Raw transcriptome data derived from Bruno et.al","3.14",NA,"FASTQ","https://www.ncbi.nlm.nih.gov/Traces/study/?acc=SRP229386&o=acc_s%3Aa",NA,"Homo sapiens","9606",NA,"The National Center for Biotechnology Information","Xutao Wang <xutaow@bu.edu>","matrix","Rda","curatedTBData/data/GSEBruno_assay_raw.rda","GSEBruno:assay_raw"
"GSEBruno_assay_curated","Curated transcriptome data derived from Bruno et.al","3.14",NA,"FASTQ","https://www.ncbi.nlm.nih.gov/Traces/study/?acc=SRP229386&o=acc_s%3Aa",NA,"Homo sapiens","9606",NA,"The National Center for Biotechnology Information","Xutao Wang <xutaow@bu.edu>","matrix","Rda","curatedTBData/data/GSEBruno_assay_curated.rda","GSEBruno:assay_curated"
"GSEBruno_column_data","Clinical information for samples derived from Bruno et.al","3.14",NA,"FASTQ","https://www.ncbi.nlm.nih.gov/Traces/study/?acc=SRP229386&o=acc_s%3Aa",NA,"Homo sapiens","9606",NA,"The National Center for Biotechnology Information","Xutao Wang <xutaow@bu.edu>","DFrame","Rda","curatedTBData/data/GSEBruno_column_data.rda","GSEBruno:column_data"
"GSEBruno_row_data","Probe set information for samples for derived from Bruno et.al","3.14",NA,"FASTQ","https://www.ncbi.nlm.nih.gov/Traces/study/?acc=SRP229386&o=acc_s%3Aa",NA,"Homo sapiens","9606",NA,"The National Center for Biotechnology Information","Xutao Wang <xutaow@bu.edu>","DFrame","Rda","curatedTBData/data/GSEBruno_row_data.rda","GSEBruno:row_data"
"GSEBruno_meta_data","Meta data information for samples derived from Bruno et.al","3.14",NA,"FASTQ","https://www.ncbi.nlm.nih.gov/Traces/study/?acc=SRP229386&o=acc_s%3Aa",NA,"Homo sapiens","9606",NA,"The National Center for Biotechnology Information","Xutao Wang <xutaow@bu.edu>","MIAME","Rda","curatedTBData/data/GSEBruno_meta_data.rda","GSEBruno:meta_data"
